window,n,freq,anchor,irr,after_tax_irr,taxes_paid,final,after_tax_final,max_drawdown
2006-08-13,1.0,annual,APR,0.05433260182200639,0.050134066130473554,1429.98,95857.99,93792.82,-0.41429369781342584
2006-08-13,1.0,annual,AUG,0.028231287168118624,0.024385618621014404,1341.67,83785.06,82153.32,-0.4376499082675981
2006-08-13,1.0,annual,DEC,0.08577250025807237,0.08107074068038045,1612.22,112993.17,110232.25,-0.3717473951961695
2006-08-13,1.0,annual,FEB,0.11020198603512588,0.10706828672488655,2189.16,128582.29,126460.32,-0.37175542257174055
2006-08-13,1.0,annual,JAN,0.09667252267379423,0.09260903415357069,1761.03,119683.64,117141.1,-0.37176044882888437
2006-08-13,1.0,annual,JUL,0.02611240706641038,0.022760519157054238,1209.44,82881.58,81474.47,-0.43765205147365305
2006-08-13,1.0,annual,JUN,0.03760929959110093,0.03626714313743229,515.37,87917.57,87312.5,-0.4376419887668169
2006-08-13,1.0,annual,MAR,0.0730194748064229,0.069022667324394,1476.98,105672.07,103484.53,-0.4036886259837784
2006-08-13,1.0,annual,MAY,0.06090227066606879,0.05697691326027432,1381.71,99190.11,97184.22,-0.43766290003543407
2006-08-13,1.0,annual,NOV,0.08980313501478066,0.08390379780857649,2018.75,115419.24,111887.04,-0.37177005357267656
2006-08-13,1.0,annual,OCT,0.0774055037463589,0.07080867109232003,2093.65,108130.45,104455.92,-0.41205002587376904
2006-08-13,1.0,annual,SEP,0.02547141120911911,0.020387196095346227,1610.03,82610.4,80494.32,-0.4376270128807257
2006-08-13,1.0,monthly,—,0.07484296356675524,0.07129806678163642,1478.71,106686.72,104723.82,-0.3766066233469243
2006-08-13,1.0,quarterly,FEB,0.06389405305229745,0.05973153589400637,1477.46,100749.29,98587.16,-0.37572905319983396
2006-08-13,1.0,quarterly,JAN,0.05149706070731208,0.047636863229094106,1502.91,94457.85,92587.71,-0.4151072645260766
2006-08-13,1.0,quarterly,MAR,0.06304639123437894,0.05908008339605597,1478.71,100304.83,98253.39,-0.4036886277556081
2006-08-13,2.0,annual,APR,0.07448495396442045,0.07114456773795486,1654.95,106486.68,104639.71,-0.5815567328987359
2006-08-13,2.0,annual,AUG,0.08336763408797909,0.07622959402484908,4027.02,111571.82,107465.34,-0.596905001127401
2006-08-13,2.0,annual,DEC,0.06961766375168621,0.06733033157889545,1187.44,103807.05,102573.13,-0.5250315460113801
2006-08-13,2.0,annual,FEB,0.06657755356456885,0.06513804512371257,738.57,102170.53,101405.44,-0.5432121482512859
2006-08-13,2.0,annual,JAN,0.06764640432399915,0.06619096125622603,753.1,102742.68,101964.45,-0.5266826903262575
2006-08-13,2.0,annual,JUL,0.11019906816922365,0.10443541941342327,3649.83,128580.29,124706.25,-0.6044441029901649
2006-08-13,2.0,annual,JUN,0.10202212907145236,0.09603932848039165,3653.21,123121.19,119283.6,-0.5998869686162549
2006-08-13,2.0,annual,MAR,0.07121617834124139,0.06892069696436243,1177.2,104678.94,103429.36,-0.6040355803964099
2006-08-13,2.0,annual,MAY,0.10372852489542461,0.09847634765901436,3187.17,124239.72,120831.15,-0.5953469027103886
2006-08-13,2.0,annual,NOV,0.08113595425905651,0.07818976156667745,1589.41,110270.05,108576.51,-0.5357787775442032
2006-08-13,2.0,annual,OCT,0.09603176533950986,0.09410925712238705,1117.25,119278.83,118073.0,-0.6048650528797338
2006-08-13,2.0,annual,SEP,0.07648835786732,0.07645976848433211,13.84,107611.32,107595.18,-0.5943500521065266
2006-08-13,2.0,monthly,—,0.08870035162442436,0.08243501148431809,3499.75,114749.95,111025.81,-0.5263475773915278
2006-08-13,2.0,quarterly,FEB,0.09968349804451215,0.09306059008590994,3830.73,121605.65,117420.76,-0.5286572907514527
2006-08-13,2.0,quarterly,JAN,0.10367708982804069,0.0952963753760322,5147.11,124205.85,118816.03,-0.49519167984077317
2006-08-13,2.0,quarterly,MAR,0.09383552565345832,0.08633958938917818,4202.4,117902.37,113331.17,-0.4825601115474666
2006-08-13,3.0,annual,APR,0.06055329795883424,0.05673688865089643,1818.49,99009.96,97063.02,-0.5267273210915651
2006-08-13,3.0,annual,AUG,0.08934060486446282,0.08388669010327676,2881.8,115138.02,111876.96,-0.5754906724348163
2006-08-13,3.0,annual,DEC,0.08173073348408699,0.07896822791769631,1418.02,110615.38,109021.24,-0.5053930071983705
2006-08-13,3.0,annual,FEB,0.053406071092717666,0.04989381323247455,1606.66,95398.0,93676.13,-0.5437918242769337
2006-08-13,3.0,annual,JAN,0.0868334974427366,0.08378603923958206,1721.05,113626.43,111817.72,-0.4975709967632286
2006-08-13,3.0,annual,JUL,0.12511306909569575,0.12024863182116852,3285.48,139208.53,135643.5,-0.5782358956764673
2006-08-13,3.0,annual,JUN,0.1188826577466563,0.1112016074474399,4559.96,134659.82,129267.1,-0.5409472952097579
2006-08-13,3.0,annual,MAR,0.054746422254299376,0.052630137050189485,930.67,96064.22,95014.63,-0.5655431257262762
2006-08-13,3.0,annual,MAY,0.12440146756002857,0.12037978216499068,2719.22,138680.91,135738.35,-0.5611862326118787
2006-08-13,3.0,annual,NOV,0.08791086192962771,0.08321883592672974,2450.98,114273.37,111484.51,-0.6098185279686552
2006-08-13,3.0,annual,OCT,0.08814816922317392,0.08359092376412047,2400.03,114416.4,111702.98,-0.6178909167593503
2006-08-13,3.0,annual,SEP,0.09160847091530655,0.08681215108781071,2595.27,116523.96,113613.65,-0.5759376713301654
2006-08-13,3.0,monthly,—,0.06559352722502776,0.06206925983082778,1762.91,101646.85,99795.14,-0.5729411642667576
2006-08-13,3.0,quarterly,FEB,0.06961915199568092,0.06640820696097516,1617.43,103807.85,102080.2,-0.5903693942899295
2006-08-13,3.0,quarterly,JAN,0.07894154257575614,0.07450785530668924,2348.37,109005.97,106499.46,-0.5214906304741262
2006-08-13,3.0,quarterly,MAR,0.06968488938482131,0.06633641288883096,1695.87,103843.55,102041.93,-0.5414048344559401
2006-08-13,,buy & hold,—,0.12316782236043344,0.12316782236043344,0.0,137771.2,137771.2,-0.5102258144133893
2006-11-13,1.0,annual,APR,0.05403904793787706,0.05005157440698926,1355.34,95707.51,93748.66,-0.4142800166118211
2006-11-13,1.0,annual,AUG,0.02910197567124262,0.025364116766235623,1305.67,84157.33,82563.26,-0.4376382008040224
2006-11-13,1.0,annual,DEC,0.08465962769015023,0.08015709134648386,1531.86,112324.97,109696.76,-0.3715272866894159
2006-11-13,1.0,annual,FEB,0.1082540437935674,0.10523601504591207,2067.94,127247.37,125225.87,-0.37153093728671416
2006-11-13,1.0,annual,JAN,0.0950470880867339,0.09115161460874,1660.72,118650.11,116234.4,-0.3715343487264823
2006-11-13,1.0,annual,JUL,0.027036787886583258,0.023782874540043797,1175.36,83272.39,81899.07,-0.4376402903100651
2006-11-13,1.0,annual,JUN,0.0381869056900096,0.03686416089088651,505.75,88176.45,87578.24,-0.4376298338594562
2006-11-13,1.0,annual,MAR,0.07173069272079113,0.0679790133547703,1378.25,104954.83,102915.44,-0.40368823554591005
2006-11-13,1.0,annual,MAY,0.060539245733788216,0.05676902115283056,1322.33,98997.55,97074.47,-0.43765076969655947
2006-11-13,1.0,annual,NOV,0.08799640897049599,0.08242798308690402,1885.0,114316.41,111013.94,-0.37153044610251607
2006-11-13,1.0,annual,OCT,0.07562887636352589,0.0694730209740061,1934.9,107120.37,103722.37,-0.41203775356612116
2006-11-13,1.0,annual,SEP,0.02515316656019373,0.020493744889982124,1477.45,82474.3,80536.57,-0.4376110390911939
2006-11-13,1.0,monthly,—,0.07303053810887727,0.069731119366221,1352.79,105671.61,103862.47,-0.37660910455700136
2006-11-13,1.0,quarterly,FEB,0.062729198992732,0.058843752002469496,1368.9,100133.66,98127.63,-0.3757378065006308
2006-11-13,1.0,quarterly,JAN,0.05044477596932262,0.04687636777196136,1371.64,93939.85,92220.34,-0.41508471109196554
2006-11-13,1.0,quarterly,MAR,0.061567158829137436,0.057923160636438875,1352.79,99529.05,97658.79,-0.40368820748730583
2006-11-13,2.0,annual,APR,0.0698339766096282,0.0664396507195385,1668.07,103918.36,102091.15,-0.5824081657535598
2006-11-13,2.0,annual,AUG,0.07892562350800059,0.07170233572972184,3992.86,108989.54,104939.25,-0.5969744063423474
2006-11-13,2.0,annual,DEC,0.06464660323603189,0.06232476903154016,1196.85,101140.05,99922.78,-0.5249133219606497
2006-11-13,2.0,annual,FEB,0.062106146287218666,0.06060622571024965,759.79,99808.99,99032.09,-0.5435232643790957
2006-11-13,2.0,annual,JAN,0.0629291881132642,0.061411602024366796,774.43,100238.12,99448.42,-0.5266978522802628
2006-11-13,2.0,annual,JUL,0.10517352223346677,0.09934135456586601,3625.77,125184.37,121375.49,-0.6042859041171543
2006-11-13,2.0,annual,JUN,0.09691686119361764,0.09089992297907024,3602.22,119828.65,116080.14,-0.5999212564582841
2006-11-13,2.0,annual,MAR,0.06687050958858565,0.0644725143042838,1208.47,102321.14,101048.22,-0.6044422510281189
2006-11-13,2.0,annual,MAY,0.0984165864406602,0.09309320443873792,3154.25,120782.98,117431.79,-0.5956603230499653
2006-11-13,2.0,annual,NOV,0.07551875441198252,0.07248139180550994,1620.89,107058.53,105368.14,-0.5356811979434697
2006-11-13,2.0,annual,OCT,0.09023685217156407,0.08445129795261563,3414.6,115674.81,112201.88,-0.60488428291911
2006-11-13,2.0,annual,SEP,0.07355942084511702,0.06876505475724215,2623.43,105964.77,103339.14,-0.5944674275911894
2006-11-13,2.0,monthly,—,0.08307526400770182,0.07671007327606494,3501.79,111392.5,107729.53,-0.5258049998485971
2006-11-13,2.0,quarterly,FEB,0.09383616009945739,0.08711407084090583,3831.85,117893.47,113786.15,-0.5281330818401799
2006-11-13,2.0,quarterly,JAN,0.09764390845807613,0.08911926186044916,5112.99,120290.29,114995.05,-0.4947816269258697
2006-11-13,2.0,quarterly,MAR,0.08791829622359126,0.08050953276686024,4090.28,114269.36,109900.08,-0.48235936622258235
2006-11-13,3.0,annual,APR,0.059002689611898806,0.055104517526980756,1853.38,98208.82,96238.49,-0.5272516986597872
2006-11-13,3.0,annual,AUG,0.0871995685614565,0.08173169541136394,2850.33,113837.42,110608.27,-0.5754398961615907
2006-11-13,3.0,annual,DEC,0.07965385911014533,0.07676516476737272,1454.27,109407.16,107760.67,-0.5051493914736729
2006-11-13,3.0,annual,FEB,0.052044664953993514,0.04852401070643231,1610.17,94722.21,93009.95,-0.5439246163111783
2006-11-13,3.0,annual,JAN,0.08469602213082339,0.08156425609376539,1750.9,112346.49,110510.96,-0.4973171056500677
2006-11-13,3.0,annual,JUL,0.12238586793382045,0.11749233417753036,3255.24,137183.99,133653.35,-0.5780294521554308
2006-11-13,3.0,annual,JUN,0.11609789132692139,0.1084489218036423,4472.76,132664.93,127379.09,-0.540778142199201
2006-11-13,3.0,annual,MAR,0.05372831470311923,0.0514223298586195,1007.69,95553.26,94417.04,-0.5657098876444575
2006-11-13,3.0,annual,MAY,0.1213839443971162,0.11732533181910154,2688.5,136453.18,133534.56,-0.5612781309751853
2006-11-13,3.0,annual,NOV,0.08543988964231353,0.08053588941053713,2534.62,112787.28,109915.3,-0.6095371285189672
2006-11-13,3.0,annual,OCT,0.08439572450564381,0.07870823964630824,3016.65,112169.07,108865.21,-0.6179081389368778
2006-11-13,3.0,annual,SEP,0.09104978344764791,0.08470951485973066,3479.16,116171.97,112354.47,-0.575891908443679
2006-11-13,3.0,monthly,—,0.06381958234212692,0.06011832723715005,1833.52,100704.63,98780.8,-0.5722790461822509
2006-11-13,3.0,quarterly,FEB,0.06789231058170742,0.06454859093391507,1668.43,102868.82,101088.34,-0.589810188328144
2006-11-13,3.0,quarterly,JAN,0.07678126701192911,0.07222714619614401,2386.66,107769.77,105227.96,-0.5211704190484114
2006-11-13,3.0,quarterly,MAR,0.06763887078942787,0.06426792867894393,1687.77,102732.68,100940.43,-0.5407072534895765
2006-11-13,,buy & hold,—,0.11515096165408589,0.11515096165408589,0.0,131998.14,131998.14,-0.5098896323070821
2007-02-13,1.0,annual,APR,0.09218082465698096,0.08847265440317742,1280.7,116943.29,114675.18,-0.4142651768284591
2007-02-13,1.0,annual,AUG,0.0688580613134705,0.06530147573497402,1269.67,103439.97,101533.44,-0.43762560852698806
2007-02-13,1.0,annual,DEC,0.12141790354465021,0.11719607975017554,1445.53,136593.14,133551.66,-0.3712184361070511
2007-02-13,1.0,annual,FEB,0.1439494283408208,0.1410851293881782,1945.45,154103.6,151752.93,-0.3712184361070511
2007-02-13,1.0,annual,JAN,0.13122700174492208,0.1275540364426292,1559.3,143944.97,141144.54,-0.3712184361070511
2007-02-13,1.0,annual,JUL,0.06688704953182023,0.06379432426011922,1141.28,102378.63,100737.08,-0.43762762982128844
2007-02-13,1.0,annual,JUN,0.07747823833216494,0.07619959319472447,496.13,108223.92,107499.43,-0.43761674766944325
2007-02-13,1.0,annual,MAR,0.10858803905122716,0.10514144134805747,1279.53,127569.97,125255.2,-0.40368781426713174
2007-02-13,1.0,annual,MAY,0.09850424834384841,0.09495098841921601,1262.94,120922.56,118669.02,-0.4376376464863797
2007-02-13,1.0,annual,NOV,0.124546323983029,0.11930812736805285,1780.25,138893.98,135064.18,-0.3712184361070511
2007-02-13,1.0,annual,OCT,0.11272740751252497,0.10695047393829571,1829.33,130410.18,126464.55,-0.4120260377471451
2007-02-13,1.0,annual,SEP,0.06448983937880326,0.06020468311519778,1391.03,101103.73,98867.64,-0.4375956071098913
2007-02-13,1.0,monthly,—,0.11008012682058943,0.10698167775908918,1272.26,128586.13,126485.52,-0.37661153905864475
2007-02-13,1.0,quarterly,FEB,0.10028266441208744,0.0966648085599423,1287.52,122067.59,119750.3,-0.375746686759481
2007-02-13,1.0,quarterly,JAN,0.0886456506081067,0.08531862430972914,1290.14,114779.93,112783.15,-0.4150631461479992
2007-02-13,1.0,quarterly,MAR,0.09911756054914089,0.09573479043395794,1272.26,121316.14,119162.23,-0.4036878056323904
2007-02-13,2.0,annual,APR,0.09692118073835154,0.09352667145542004,1681.2,119912.96,117778.33,-0.5833964281272759
2007-02-13,2.0,annual,AUG,0.10632608433740243,0.0997686591698207,3958.65,126045.75,121735.47,-0.5969875988566054
2007-02-13,2.0,annual,DEC,0.0914656979002838,0.08914100363700872,1207.7,116502.17,115080.46,-0.524797969439289
2007-02-13,2.0,annual,FEB,0.08980303316606097,0.0872276525541752,1415.47,115483.43,113924.29,-0.5438708880950143
2007-02-13,2.0,annual,JAN,0.08987849047189955,0.08815083356859199,930.77,115529.46,114480.57,-0.5267310034280388
2007-02-13,2.0,annual,JUL,0.1316174367946218,0.12602857318526695,3601.71,144246.07,139998.34,-0.6040266345360603
2007-02-13,2.0,annual,JUN,0.12345363471762771,0.11766728598323584,3550.9,138085.74,133887.56,-0.5998828979363366
2007-02-13,2.0,annual,MAR,0.09447559297343389,0.09207710227761667,1239.74,118370.94,116879.2,-0.6049176990981028
2007-02-13,2.0,annual,MAY,0.12475849869719358,0.11949305069732052,3121.75,139051.5,135197.47,-0.5959889123518393
2007-02-13,2.0,annual,NOV,0.10210857695492759,0.09910312196299265,1613.53,123255.23,121306.86,-0.5355130381814226
2007-02-13,2.0,annual,OCT,0.11624391617364072,0.11095959164483682,3356.89,132875.64,129189.09,-0.6048356569596338
2007-02-13,2.0,annual,SEP,0.10079541923170543,0.09657206254261486,2610.69,122399.87,119691.52,-0.59451943919046
2007-02-13,2.0,monthly,—,0.10919389213456465,0.10252768858071903,3732.57,127981.55,123529.57,-0.5250874102717997
2007-02-13,2.0,quarterly,FEB,0.1196379155637931,0.11248448084699258,4155.01,135301.99,130241.66,-0.527412100060196
2007-02-13,2.0,quarterly,JAN,0.12317393298192292,0.11479701733463654,5203.86,137879.65,131855.29,-0.4942023502178312
2007-02-13,2.0,quarterly,MAR,0.11378777708496546,0.10632317405782776,4127.27,131148.48,126043.8,-0.48202195861854613
2007-02-13,3.0,annual,APR,0.08315533765241023,0.07928077941617884,1889.41,111504.87,109254.23,-0.5278138007781603
2007-02-13,3.0,annual,AUG,0.11068051775170396,0.1052917244287156,2818.89,128997.43,125355.2,-0.5752988379498019
2007-02-13,3.0,annual,DEC,0.10319000351598617,0.09991157113275773,1666.39,123964.43,121827.71,-0.5048678529723583
2007-02-13,3.0,annual,FEB,0.07688136230729781,0.0733981813607637,1613.83,107885.07,105930.4,-0.5440973475883742
2007-02-13,3.0,annual,JAN,0.10808810774064603,0.10474948062398648,1913.45,127231.42,124994.8,-0.4969884812837112
2007-02-13,3.0,annual,JUL,0.14496592828508537,0.14029749992986906,3224.55,154946.92,151113.12,-0.5776991575561199
2007-02-13,3.0,annual,JUN,0.1386976851224958,0.1313120812811105,4385.69,149822.21,144010.53,-0.5404749762061513
2007-02-13,3.0,annual,MAR,0.07862121292578583,0.07613947438187851,1093.16,108876.01,107465.5,-0.565859478705445
2007-02-13,3.0,annual,MAY,0.14373239672873261,0.1398361557491098,2657.76,153924.16,150739.67,-0.5613347188414266
2007-02-13,3.0,annual,NOV,0.10886202759799024,0.10399255446706135,2508.58,127755.93,124493.55,-0.6091436168058435
2007-02-13,3.0,annual,OCT,0.10789269752179387,0.10230776003056852,2993.96,127099.34,123385.53,-0.6181327805983383
2007-02-13,3.0,annual,SEP,0.11419350248840476,0.10805540900458566,3419.85,131432.14,127209.31,-0.5757554897056631
2007-02-13,3.0,monthly,—,0.08811481918215913,0.08418986552012353,1987.46,114458.82,112114.21,-0.5714060434675798
2007-02-13,3.0,quarterly,FEB,0.0921002085163346,0.08822851375213336,1990.0,116893.47,114527.51,-0.5890362326343084
2007-02-13,3.0,quarterly,JAN,0.10053110149963651,0.09587363751600442,2471.6,122228.46,119249.83,-0.5206930571190533
2007-02-13,3.0,quarterly,MAR,0.09178430373796387,0.08826393688080769,1771.79,116698.48,114548.92,-0.5397830840168929
2007-02-13,,buy & hold,—,0.12621305596108578,0.12621305596108578,0.0,140136.44,140136.44,-0.5094679262038424
2007-05-13,1.0,annual,APR,0.12027244148422256,0.1168000713137588,1203.44,135619.75,133135.44,-0.41424889689211764
2007-05-13,1.0,annual,AUG,0.09825424142553862,0.09482125148490972,1233.67,120659.11,118489.45,-0.4376120271829924
2007-05-13,1.0,annual,DEC,0.14836934546409808,0.14441082918507797,1349.52,157605.76,154295.01,-0.3707527241695501
2007-05-13,1.0,annual,FEB,0.1701404229741098,0.16741068654736935,1817.55,177179.59,174593.43,-0.3707527241695501
2007-05-13,1.0,annual,JAN,0.1578586255032154,0.15437128157227276,1457.92,165846.48,162767.19,-0.3707527241695501
2007-05-13,1.0,annual,JUL,0.09634572053789336,0.09336343985893125,1107.19,119447.72,117580.77,-0.4376139627485346
2007-05-13,1.0,annual,JUN,0.10654478141159507,0.10529103232307568,486.5,126075.49,125240.04,-0.4376026188952885
2007-05-13,1.0,annual,MAR,0.13573555777467694,0.13253597635374026,1186.54,147290.6,144791.94,-0.40368736583943765
2007-05-13,1.0,annual,MAY,0.1265018662943257,0.12312612955848257,1200.94,140199.97,137698.05,-0.43762328551834573
2007-05-13,1.0,annual,NOV,0.15139175728520116,0.1464425293735908,1669.95,160183.31,155985.1,-0.3707527241695502
2007-05-13,1.0,annual,OCT,0.1399917298011376,0.13454129814483162,1718.2,150684.55,146352.72,-0.4120130993650569
2007-05-13,1.0,annual,SEP,0.09332958409607717,0.08936264499518398,1299.33,117559.75,115125.14,-0.43757853406797376
2007-05-13,1.0,monthly,—,0.13726041951073353,0.13433771114432258,1186.54,148497.27,146193.46,-0.37661427555596416
2007-05-13,1.0,quarterly,FEB,0.12784931353273732,0.12446717066916413,1200.94,141211.94,138686.29,-0.37575655002970376
2007-05-13,1.0,quarterly,JAN,0.11670855375085709,0.1135881499243786,1203.44,133070.62,130880.28,-0.4150392909387819
2007-05-13,1.0,quarterly,MAR,0.12666529539413462,0.12351271772190253,1186.54,140322.3,137982.17,-0.40368736583943765
2007-05-13,2.0,annual,APR,0.12336175295976004,0.11918840335597303,2232.44,137871.15,134838.96,-0.5844731178323892
2007-05-13,2.0,annual,AUG,0.13266655334062027,0.12623422655606864,3923.72,144893.04,139999.87,-0.5968128050878136
2007-05-13,2.0,annual,DEC,0.11744139577084656,0.11510359352760202,1213.36,133590.63,131939.22,-0.5244929970996073
2007-05-13,2.0,annual,FEB,0.1156998015445937,0.1132495586778074,1415.83,132358.32,130644.91,-0.5441308442669517
2007-05-13,2.0,annual,JAN,0.11586421406998337,0.11413558608085272,942.44,132474.14,131261.77,-0.5262962552194748
2007-05-13,2.0,annual,JUL,0.15727028530132736,0.15168115851509245,3577.61,165322.78,160432.41,-0.6035208902361336
2007-05-13,2.0,annual,JUN,0.1490268911292153,0.14325188159212987,3499.47,158162.83,153339.49,-0.5996186351933523
2007-05-13,2.0,annual,MAR,0.12099637189371959,0.11770045589912848,1857.34,136143.83,133774.97,-0.605362649724368
2007-05-13,2.0,annual,MAY,0.14969558922763404,0.14352269155202813,3808.46,158731.44,153562.21,-0.59631919583285
2007-05-13,2.0,annual,NOV,0.1277670483757779,0.12477038562089182,1602.39,141149.93,138910.76,-0.5350683125197432
2007-05-13,2.0,annual,OCT,0.1414909044363547,0.13630325425179002,3294.49,151899.41,147738.63,-0.6045639294353842
2007-05-13,2.0,annual,SEP,0.12697823810274567,0.12284512042340967,2594.11,140556.86,137491.92,-0.5943552436038357
2007-05-13,2.0,monthly,—,0.13465346934744915,0.12788812402757077,3838.77,146440.55,141241.2,-0.5238839070501454
2007-05-13,2.0,quarterly,FEB,0.14449654801961265,0.13753543462568618,4046.91,154365.93,148716.0,-0.5261864061633397
2007-05-13,2.0,quarterly,JAN,0.14824936824865376,0.13940183418588903,5588.84,157504.33,150209.32,-0.49316110619874276
2007-05-13,2.0,quarterly,MAR,0.13889437325932763,0.1310095776860768,4438.96,149801.75,143615.62,-0.4812776851483308
2007-05-13,3.0,annual,APR,0.1045302105656104,0.1000599447384195,2268.85,124735.93,121817.32,-0.5283038543292574
2007-05-13,3.0,annual,AUG,0.1313407635999183,0.12595734111808088,2787.47,143870.0,139793.18,-0.5749148401114109
2007-05-13,3.0,annual,DEC,0.12399819780917254,0.12064201823566967,1684.05,138339.85,135887.04,-0.5042651414158548
2007-05-13,3.0,annual,FEB,0.09808470276994286,0.09462758999040155,1606.58,120550.97,118368.3,-0.5439246095641967
2007-05-13,3.0,annual,JAN,0.1287161785666301,0.12536566504336932,1917.42,141867.04,139352.57,-0.4961331645206797
2007-05-13,3.0,annual,JUL,0.16501063981465458,0.16031997446614132,3193.87,172351.78,168056.11,-0.5770779079520262
2007-05-13,3.0,annual,JUN,0.15864119200005644,0.15129448061650985,4303.92,166545.73,160099.68,-0.5398413437309967
2007-05-13,3.0,annual,MAR,0.10044742181809896,0.09716669202933581,1558.44,122067.39,119967.21,-0.5658387566159284
2007-05-13,3.0,annual,MAY,0.1630595395047586,0.1583829991581699,3286.97,170551.36,166314.69,-0.5612966700321562
2007-05-13,3.0,annual,NOV,0.12949946883031627,0.12464044393953844,2474.63,142461.72,138814.52,-0.6084639632901367
2007-05-13,3.0,annual,OCT,0.12860837517394452,0.1230273292371854,2959.61,141785.39,137625.54,-0.618534037066
2007-05-13,3.0,annual,SEP,0.13450736972096455,0.12834673765969262,3383.28,146326.17,141587.46,-0.5753397089552069
2007-05-13,3.0,monthly,—,0.10948008235613005,0.1052954203834987,2137.99,128054.72,125242.95,-0.5699350768852436
2007-05-13,3.0,quarterly,FEB,0.11318223432575658,0.10925473075524528,2037.45,130598.16,127901.61,-0.5877047283222652
2007-05-13,3.0,quarterly,JAN,0.12148018151902218,0.11619553583149844,2887.07,136495.27,132707.86,-0.5197630656313801
2007-05-13,3.0,quarterly,MAR,0.11293871079778939,0.10872783384720142,2197.5,130429.23,127544.37,-0.5382179308036714
2007-05-13,,buy & hold,—,0.13349515532400302,0.13349515532400302,0.0,145536.3,145536.3,-0.5088389358752472
2007-08-13,1.0,annual,APR,0.12049631602917177,0.11711283779120507,1163.23,135766.91,133343.2,-0.41423307550587174
2007-08-13,1.0,annual,AUG,0.09905132858810817,0.0956951246089025,1200.85,121158.13,119027.51,-0.4375974938947088
2007-08-13,1.0,annual,DEC,0.14784161773305693,0.1439830168750894,1301.21,157139.29,153921.68,-0.3701290326162715
2007-08-13,1.0,annual,FEB,0.16899950403088038,0.16632558625547167,1744.96,176067.21,173550.33,-0.3701290326162715
2007-08-13,1.0,annual,JAN,0.15707832217683493,0.15365866298373898,1405.22,165129.0,162122.93,-0.3701290326162715
2007-08-13,1.0,annual,JUL,0.09718392449162827,0.09427038577640212,1076.22,119967.67,118135.19,-0.43759932183042405
2007-08-13,1.0,annual,JUN,0.10710853996254188,0.1058583746569427,480.38,126440.92,125605.42,-0.43758751728169165
2007-08-13,1.0,annual,MAR,0.13543408326583373,0.13230583077149405,1147.19,147035.38,144596.76,-0.4036869542139304
2007-08-13,1.0,annual,MAY,0.1264592727683943,0.12316452617037121,1160.83,140152.19,137711.02,-0.43760870851067535
2007-08-13,1.0,annual,NOV,0.15078057559260427,0.14595256430679748,1609.21,159636.97,155555.38,-0.3701290326162716
2007-08-13,1.0,annual,OCT,0.13970876716443958,0.13439757942574893,1656.74,150437.53,146222.64,-0.4120008751578842
2007-08-13,1.0,annual,SEP,0.09416202997665535,0.09031914848692935,1254.77,118067.62,115697.79,-0.4375623730777032
2007-08-13,1.0,monthly,—,0.13689003703189495,0.13402176432021717,1147.19,148185.02,145929.12,-0.3766169078045495
2007-08-13,1.0,quarterly,FEB,0.127777114177274,0.12447542260029076,1160.83,141141.33,138676.89,-0.3757659239791499
2007-08-13,1.0,quarterly,JAN,0.11701440329312873,0.11396468562956741,1163.23,133273.38,131129.12,-0.4150167128843213
2007-08-13,1.0,quarterly,MAR,0.12657003747951145,0.12349134376264959,1147.19,140235.04,137951.15,-0.40368695421393097
2007-08-13,2.0,annual,APR,0.12068207427400635,0.1164253934742473,2254.8,135901.31,132856.37,-0.5848471452367121
2007-08-13,2.0,annual,AUG,0.12954795368517835,0.12219754964032459,4508.76,142482.05,137003.09,-0.5958115002640844
2007-08-13,2.0,annual,DEC,0.11484805561403866,0.11243174876493967,1245.16,131746.44,130065.14,-0.522887583428574
2007-08-13,2.0,annual,FEB,0.11298242083192356,0.11043668232195591,1442.51,130446.29,128694.08,-0.5433075980436531
2007-08-13,2.0,annual,JAN,0.11327125201525579,0.11144424806695052,980.99,130646.68,129384.58,-0.5243529076709259
2007-08-13,2.0,annual,JUL,0.15361761271014152,0.14719813617152833,4203.85,162087.2,156597.88,-0.6020955608641473
2007-08-13,2.0,annual,JUN,0.14514888426730688,0.13847662275180161,4130.56,154886.57,149448.52,-0.5984893284203965
2007-08-13,2.0,annual,MAR,0.11869041650224432,0.11524944373811474,1904.9,134467.54,132027.95,-0.6045669640131455
2007-08-13,2.0,annual,MAY,0.14612294680994153,0.13984718902673599,3774.27,155697.56,150549.06,-0.595570489456782
2007-08-13,2.0,annual,NOV,0.12495952294059609,0.12190244511030535,1618.52,139035.38,136787.81,-0.5337756856280593
2007-08-13,2.0,annual,OCT,0.13838058135103537,0.133133496313523,3263.27,149371.72,145237.81,-0.6034686859777546
2007-08-13,2.0,annual,SEP,0.12465718150319793,0.12044309064584524,2605.14,138811.37,135728.42,-0.5933340128151237
2007-08-13,2.0,monthly,—,0.13148036574599697,0.12469525235190437,3796.11,143960.37,138839.56,-0.5214907214465276
2007-08-13,2.0,quarterly,FEB,0.14095372006194073,0.13396623658589502,3992.42,151443.77,145885.8,-0.523733337123263
2007-08-13,2.0,quarterly,JAN,0.14483812650797157,0.1359503869051094,5524.37,154628.77,147441.99,-0.490901740115429
2007-08-13,2.0,quarterly,MAR,0.13563016177976583,0.12770919457193564,4399.28,147189.66,141090.17,-0.47930779998340556
2007-08-13,3.0,annual,APR,0.10644417452820687,0.10184906061762311,2325.27,125996.18,122965.34,-0.5279139141944444
2007-08-13,3.0,annual,AUG,0.1321378031210657,0.12607783199089784,3243.58,144466.98,139867.25,-0.5736109157598132
2007-08-13,3.0,annual,DEC,0.125352867132276,0.12182317948291377,1738.23,139327.38,136730.04,-0.5025076337182701
2007-08-13,3.0,annual,FEB,0.09992145514323025,0.09641286956275608,1630.36,121717.14,119479.77,-0.5427749195398301
2007-08-13,3.0,annual,JAN,0.12993480402890178,0.12646331500643415,1963.63,142776.71,140155.21,-0.4939508140536837
2007-08-13,3.0,annual,JUL,0.16527051277499238,0.15994691847145182,3674.44,172567.47,167695.18,-0.5754448287575153
2007-08-13,3.0,annual,JUN,0.15888498599557266,0.15067623958585685,4928.5,166740.42,159547.6,-0.5380825755173266
2007-08-13,3.0,annual,MAR,0.10299117682678449,0.09943719019225317,1676.96,123711.33,121405.69,-0.5645326782803786
2007-08-13,3.0,annual,MAY,0.16336802689251717,0.15862987356381641,3246.24,170809.68,166511.89,-0.5601902823551317
2007-08-13,3.0,annual,NOV,0.13088367562214864,0.12595625486873885,2468.6,143502.18,139776.56,-0.6070577374145093
2007-08-13,3.0,annual,OCT,0.13031218652511878,0.12464906076913496,2957.97,143064.78,138805.36,-0.6157223954784113
2007-08-13,3.0,annual,SEP,0.13565577968496878,0.12946129809948104,3345.07,147209.83,142416.13,-0.574020524832147
2007-08-13,3.0,monthly,—,0.11166849246033339,0.10714973916774062,2298.0,129538.79,126468.56,-0.5670861066312625
2007-08-13,3.0,quarterly,FEB,0.11518134854601925,0.11109723317750586,2096.15,131980.15,129146.32,-0.585094173869563
2007-08-13,3.0,quarterly,JAN,0.12321161634734323,0.11774693550346427,2947.42,137745.59,133793.92,-0.517595270557828
2007-08-13,3.0,quarterly,MAR,0.11507653686483221,0.11060305402948145,2305.96,131906.61,128807.83,-0.5352296470401954
2007-08-13,,buy & hold,—,0.13630490099093462,0.13630490099093462,0.0,147721.86,147721.86,-0.5078075891861885
2007-11-13,1.0,annual,APR,0.137458633951976,0.13413639461525617,1138.19,148777.62,146154.03,-0.41421676114810635
2007-11-13,1.0,annual,AUG,0.11656333734185964,0.11328127996393078,1174.33,133061.91,130756.94,-0.4375820773877054
2007-11-13,1.0,annual,DEC,0.1639411599580768,0.16015138139980512,1268.47,171529.02,168063.5,-0.36916595994310275
2007-11-13,1.0,annual,FEB,0.18441694689296184,0.18178494393075606,1690.44,191568.77,188863.64,-0.36916595994310275
2007-11-13,1.0,annual,JAN,0.17289327535538745,0.16952028222136384,1368.4,180011.14,176765.6,-0.36916595994310275
2007-11-13,1.0,annual,JUL,0.11480206804683346,0.11194741213100812,1055.06,131819.69,129832.29,-0.4375839694984136
2007-11-13,1.0,annual,JUN,0.1244203159275904,0.1231546677830665,484.54,138755.94,137821.62,-0.4375717609175661
2007-11-13,1.0,annual,MAR,0.15181020049069927,0.1487261832724317,1122.97,160688.96,158048.1,-0.4036865348211093
2007-11-13,1.0,annual,MAY,0.143131711354895,0.1398907878764858,1135.9,153372.14,150729.52,-0.4375936653266095
2007-11-13,1.0,annual,NOV,0.16678625221935006,0.16205214511852495,1564.66,174179.14,169792.49,-0.36916595994310275
2007-11-13,1.0,annual,OCT,0.1560829585916913,0.1508843981099105,1611.5,164423.7,159891.41,-0.4119883019722401
2007-11-13,1.0,annual,SEP,0.11187005779257164,0.10812554732244573,1225.6,129778.88,127221.11,-0.4375457191728884
2007-11-13,1.0,monthly,—,0.15319209958986757,0.15035693319733368,1122.97,161887.13,159438.85,-0.3766196632343327
2007-11-13,1.0,quarterly,FEB,0.1444140397603343,0.14116555751322035,1135.9,154431.05,151763.24,-0.37577562223354266
2007-11-13,1.0,quarterly,JAN,0.13407517661477975,0.13107589701364286,1138.19,146106.14,143780.0,-0.41499344894459067
2007-11-13,1.0,quarterly,MAR,0.14319074856388336,0.14016025363058826,1122.97,153420.73,150947.42,-0.4036865348211093
2007-11-13,2.0,annual,APR,0.13939126375359578,0.13512369396030033,2291.04,150326.46,146928.61,-0.5743253538374229
2007-11-13,2.0,annual,AUG,0.14778059025661305,0.1404855262641339,4466.53,157247.45,151210.88,-0.5838832827217328
2007-11-13,2.0,annual,DEC,0.13333127014026414,0.13082961983931896,1290.63,145525.53,143590.73,-0.5080298762175817
2007-11-13,2.0,annual,FEB,0.13157109810333567,0.12901348426854453,1482.99,144161.37,142203.03,-0.5302064422722117
2007-11-13,2.0,annual,JAN,0.13177307019104834,0.12985303359928013,1033.42,144317.22,142842.77,-0.5093636178487178
2007-11-13,2.0,annual,JUL,0.1712804885467879,0.16488841007741206,4170.95,178451.71,172406.7,-0.5899330064015469
2007-11-13,2.0,annual,JUN,0.1627608209553525,0.15615090110628327,4079.4,170441.82,164483.81,-0.5866957842239953
2007-11-13,2.0,annual,MAR,0.13770649483958286,0.13420616990061618,1964.91,148975.33,146208.63,-0.5932055214054943
2007-11-13,2.0,annual,MAY,0.1636706659750281,0.1573638736588746,3764.84,171279.24,165560.78,-0.5840811770451415
2007-11-13,2.0,annual,NOV,0.14274774157345071,0.13885598774127217,2268.38,153056.55,149895.8,-0.5201513264530933
2007-11-13,2.0,annual,OCT,0.15582965919879166,0.14989991711369155,3775.26,164199.81,159047.82,-0.5916721046890516
2007-11-13,2.0,annual,SEP,0.14351285929539015,0.1380970065616075,3528.47,153686.09,149287.37,-0.5812954645037522
2007-11-13,2.0,monthly,—,0.14983793322212924,0.14266230716904638,4130.13,158994.86,152986.42,-0.5055928145485566
2007-11-13,2.0,quarterly,FEB,0.1585812672218666,0.15162510254860273,3963.12,166649.02,160529.18,-0.507906250420656
2007-11-13,2.0,quarterly,JAN,0.16235200301824027,0.15354259629649747,5477.15,170066.93,162192.5,-0.4745730342167652
2007-11-13,2.0,quarterly,MAR,0.15354328582289167,0.14523419695690276,4732.37,162193.1,155112.3,-0.4626182828055291
2007-11-13,3.0,annual,APR,0.12812285077117325,0.1234620121111013,2381.45,141527.66,138047.9,-0.5231589716101094
2007-11-13,3.0,annual,AUG,0.15260155814749876,0.14661943917624443,3206.37,161373.97,156270.05,-0.5680392346714385
2007-11-13,3.0,annual,DEC,0.14616686792435607,0.14247379482585398,1789.94,155890.82,152831.8,-0.49719992596375884
2007-11-13,3.0,annual,FEB,0.12147667789380978,0.11792706885371629,1661.04,136593.12,134032.25,-0.5383385473492097
2007-11-13,3.0,annual,JAN,0.15058870012637582,0.14701912585774546,2012.57,159637.54,156605.77,-0.4887026805193596
2007-11-13,3.0,annual,JUL,0.1851363391550186,0.17980522173012925,3628.77,192315.03,186854.72,-0.5696406157339655
2007-11-13,3.0,annual,JUN,0.17880930217121083,0.17070583685091145,4835.97,185852.41,177899.44,-0.5320660235133233
2007-11-13,3.0,annual,MAR,0.12526468956058034,0.12149151944054581,1809.54,139382.97,136603.93,-0.5587889772239989
2007-11-13,3.0,annual,MAY,0.18302721560218693,0.17829172299665108,3213.96,190135.52,185333.69,-0.5557678331935292
2007-11-13,3.0,annual,NOV,0.15138599127377572,0.14590005023406782,2890.8,160323.01,155667.69,-0.6045718585319129
2007-11-13,3.0,annual,OCT,0.15110218110994855,0.14491136001865368,3315.45,160078.65,154843.77,-0.6106178107602764
2007-11-13,3.0,annual,SEP,0.15639622227256778,0.14923797020515728,4121.17,164701.04,158483.2,-0.5684539112394786
2007-11-13,3.0,monthly,—,0.13363499834061476,0.12869879376457727,2609.35,145762.3,141964.01,-0.5523183207924375
2007-11-13,3.0,quarterly,FEB,0.13673118982076782,0.13251338146739033,2193.36,148198.97,144889.98,-0.5711371479800458
2007-11-13,3.0,quarterly,JAN,0.1443410288286423,0.13874150636872018,3042.56,154370.56,149803.86,-0.5099868994932888
2007-11-13,3.0,quarterly,MAR,0.13673389692828086,0.13181552877021463,2615.23,148201.12,144350.0,-0.5272799933011959
2007-11-13,,buy & hold,—,0.1469767989439713,0.1469767989439713,0.0,156570.19,156570.19,-0.5054666846843052
2008-02-13,1.0,annual,APR,0.12528168462235023,0.1219718532696793,1119.1,139427.19,136984.67,-0.4141994213539667
2008-02-13,1.0,annual,AUG,0.10472393082320364,0.10146172568339817,1153.77,124967.74,122823.47,-0.4375656861638191
2008-02-13,1.0,annual,DEC,0.15111099736649491,0.14734455039494454,1241.83,160129.64,156921.19,-0.36765773482989883
2008-02-13,1.0,annual,FEB,0.17102332014971522,0.16840997498583443,1642.97,178258.7,175763.3,-0.3674259001804481
2008-02-13,1.0,annual,JAN,0.1598350489360124,0.15647370295830687,1337.81,167825.51,164815.89,-0.3674259001804481
2008-02-13,1.0,annual,JUL,0.10304865711877864,0.10020349883213087,1039.76,123861.63,122006.93,-0.4375676455369153
2008-02-13,1.0,annual,JUN,0.11246536183317468,0.11115668094386011,494.04,130217.09,129313.51,-0.43755501451284107
2008-02-13,1.0,annual,MAR,0.1391680124253284,0.13608664243444635,1104.67,150184.31,147724.44,-0.4036860947213152
2008-02-13,1.0,annual,MAY,0.1307149962980353,0.1274819367029988,1116.91,143536.58,141076.22,-0.43757766326130787
2008-02-13,1.0,annual,NOV,0.1538809162618967,0.14918984989774164,1526.44,162532.64,158484.67,-0.3674259001804481
2008-02-13,1.0,annual,OCT,0.14347213148955074,0.1383261328475912,1572.6,153692.15,149508.01,-0.4119749744805715
2008-02-13,1.0,annual,SEP,0.10017272374876851,0.09646281037284254,1202.45,121987.04,119613.41,-0.4375280303105993
2008-02-13,1.0,monthly,—,0.1404862962691208,0.1376477779876356,1104.67,151249.74,148965.39,-0.3766226378389165
2008-02-13,1.0,quarterly,FEB,0.13197276215072018,0.128731789545676,1116.91,144505.88,142022.07,-0.3757859660430196
2008-02-13,1.0,quarterly,JAN,0.12196515057443758,0.11897283256855251,1119.1,136979.77,134810.45,-0.41496874222327185
2008-02-13,1.0,quarterly,MAR,0.1307226278161594,0.12769721069325135,1104.67,143542.45,141238.66,-0.4036860947213152
2008-02-13,2.0,annual,APR,0.13407105117017515,0.12967038215853022,2323.91,146138.23,142736.74,-0.5649760438835175
2008-02-13,2.0,annual,AUG,0.14192692252578432,0.13453840807699768,4421.09,152423.07,146504.43,-0.5712964780127766
2008-02-13,2.0,annual,DEC,0.12782130081210263,0.12442514791343628,1940.22,141332.38,138790.74,-0.4929048108586296
2008-02-13,2.0,annual,FEB,0.1263119650985799,0.12342343144697099,1680.4,140196.82,138050.28,-0.5179221325521071
2008-02-13,2.0,annual,JAN,0.12592984887103753,0.123273242438526,1535.12,139910.86,137939.63,-0.49377290371902693
2008-02-13,2.0,annual,JUL,0.16497659488492233,0.15848243361595704,4133.62,172539.49,166607.65,-0.5767029224599716
2008-02-13,2.0,annual,JUN,0.15632508913720045,0.1496585115786021,4025.76,164684.13,158884.33,-0.574245244595168
2008-02-13,2.0,annual,MAR,0.13262596650841607,0.1289609609848562,2022.85,145011.98,142196.22,-0.5818921426170648
2008-02-13,2.0,annual,MAY,0.1571936253393259,0.15075122434284494,3741.52,165455.75,159820.24,-0.5722794940469833
2008-02-13,2.0,annual,NOV,0.1368814036561442,0.13291407106135977,2282.61,148354.84,145235.79,-0.5049729251666917
2008-02-13,2.0,annual,OCT,0.14966385185327324,0.14364924625858466,3744.63,158888.89,153838.32,-0.5791325986389955
2008-02-13,2.0,annual,SEP,0.13826230290117947,0.13276750667234627,3530.77,149456.86,145121.89,-0.5687919341618376
2008-02-13,2.0,monthly,—,0.14449605336087357,0.13671794586680786,4534.98,154539.16,148224.96,-0.4903476102623433
2008-02-13,2.0,quarterly,FEB,0.15276936263956176,0.14544895273289693,4160.54,161563.86,155331.79,-0.4910817113907425
2008-02-13,2.0,quarterly,JAN,0.15595779744114557,0.147062239092019,5437.82,164358.94,156683.41,-0.45782603701284563
2008-02-13,2.0,quarterly,MAR,0.1474388077696972,0.1390989084129316,4677.31,157000.66,150128.67,-0.44596281337075816
2008-02-13,3.0,annual,APR,0.12900284874290213,0.12422316058194693,2398.72,142228.07,138641.1,-0.5059076584143652
2008-02-13,3.0,annual,AUG,0.15229437181887817,0.1462897486314393,3164.13,161151.71,156034.69,-0.5499468198152482
2008-02-13,3.0,annual,DEC,0.1464666852329991,0.14209470582121864,2264.1,156183.03,152560.34,-0.4514462655719017
2008-02-13,3.0,annual,FEB,0.12242740683793907,0.11854252271294119,1853.7,137318.16,134501.49,-0.4976892591273172
2008-02-13,3.0,annual,JAN,0.1505638698353352,0.1464638656953342,2383.55,159659.36,156180.67,-0.44198333233542686
2008-02-13,3.0,annual,JUL,0.18444445083003747,0.1790230113079575,3579.78,191660.03,186126.3,-0.5511054855728299
2008-02-13,3.0,annual,JUN,0.17820819371803187,0.17010485516686236,4734.75,185308.87,177377.55,-0.5126539802437394
2008-02-13,3.0,annual,MAR,0.12667835013861473,0.12259770796259739,1939.81,140471.59,137443.05,-0.5233108098924758
2008-02-13,3.0,annual,MAY,0.1824022195613716,0.17754050757609197,3194.27,189555.97,184641.8,-0.516350678949562
2008-02-13,3.0,annual,NOV,0.15160370343882235,0.1460111223130819,2896.24,160554.36,155801.4,-0.5682940429665642
2008-02-13,3.0,annual,OCT,0.15134315623055528,0.14499334440058453,3334.57,160329.62,154952.29,-0.59412862879862
2008-02-13,3.0,annual,SEP,0.1564147534773529,0.14924690287180764,4058.5,164763.61,158533.27,-0.5505597025732898
2008-02-13,3.0,monthly,—,0.13464093981070635,0.12915001440500185,2964.65,146584.9,142340.05,-0.49623087786926223
2008-02-13,3.0,quarterly,FEB,0.13752049231785846,0.1328788677734153,2453.11,148863.81,145208.42,-0.5310828255575708
2008-02-13,3.0,quarterly,JAN,0.14458023022891509,0.1386883192827696,3172.39,154609.01,149798.57,-0.4680240680811464
2008-02-13,3.0,quarterly,MAR,0.13741979165933438,0.1320891546040287,2828.27,148783.49,144595.93,-0.4669130351413906
2008-02-13,,buy & hold,—,0.15106458296730862,0.15106458296730862,0.0,160089.69,160089.69,-0.4868170380573694
2008-05-13,1.0,annual,APR,0.14956509463625134,0.14631868640750578,1091.05,158544.72,155808.76,-0.4141799537167259
2008-05-13,1.0,annual,AUG,0.12952037898202817,0.1263343265020812,1124.22,142418.36,140017.76,-0.4375472764817081
2008-05-13,1.0,annual,DEC,0.17456110906582933,0.1708658934168813,1206.0,181351.81,177777.48,-0.36764038800071375
2008-05-13,1.0,annual,FEB,0.19380341338316331,0.19123167394183127,1584.85,201192.74,198417.4,-0.36264179379279504
2008-05-13,1.0,annual,JAN,0.1830080314400192,0.1796930807642082,1297.83,189802.38,186438.83,-0.36264179379279504
2008-05-13,1.0,annual,JUL,0.12795009384597555,0.12516631201056916,1015.61,141229.83,139148.39,-0.4375493102084924
2008-05-13,1.0,annual,JUN,0.13707604142653385,0.1357549055152446,495.47,148285.7,147241.77,-0.43753621347830673
2008-05-13,1.0,annual,MAR,0.16287543373880442,0.15984012134956604,1077.44,170294.51,167537.92,-0.4036856075860038
2008-05-13,1.0,annual,MAY,0.1547101202563096,0.1515329742475683,1088.96,162983.54,160227.47,-0.43755968111068033
2008-05-13,1.0,annual,NOV,0.1772394472423594,0.17264348398739193,1478.67,183988.65,179487.78,-0.36264179379279504
2008-05-13,1.0,annual,OCT,0.1671907144443293,0.16215836767622804,1524.14,174294.46,169639.09,-0.41196005631089294
2008-05-13,1.0,annual,SEP,0.12515890030975318,0.12154512785410965,1170.22,139142.89,136489.03,-0.43750818525678825
2008-05-13,1.0,monthly,—,0.16411913632683206,0.16131422668036832,1077.44,171437.51,168870.85,-0.37662603414761897
2008-05-13,1.0,quarterly,FEB,0.15593422170960236,0.15274852680083717,1088.96,164058.5,161276.16,-0.3757976234887518
2008-05-13,1.0,quarterly,JAN,0.14634177476583876,0.14340084252319862,1091.05,155828.04,153391.66,-0.41494102736148764
2008-05-13,1.0,quarterly,MAR,0.15466324443309432,0.1516880204569283,1077.44,162942.53,160360.84,-0.4036856075860038
2008-05-13,2.0,annual,APR,0.15009463343663765,0.14556816745418233,2345.52,158995.72,155183.27,-0.5559134521245879
2008-05-13,2.0,annual,AUG,0.15775986581623613,0.15029330064393387,4362.74,165675.39,159165.26,-0.5534851065017545
2008-05-13,2.0,annual,DEC,0.1436158391770218,0.14013719024834737,1957.71,153568.42,150734.39,-0.4724916110237629
2008-05-13,2.0,annual,FEB,0.14288481186453372,0.13992043525867992,1708.72,152968.27,150559.62,-0.500693494366971
2008-05-13,2.0,annual,JAN,0.1418831538691917,0.13919487191689506,1561.68,152149.92,149976.13,-0.47346485904907
2008-05-13,2.0,annual,JUL,0.18041020633204752,0.17382935954160217,4083.2,187161.26,180638.17,-0.5581250253573065
2008-05-13,2.0,annual,JUN,0.17167831248859178,0.16497907560863523,3959.7,178557.06,172232.46,-0.5564981505768549
2008-05-13,2.0,annual,MAR,0.1490252430360578,0.14518967887096845,2107.24,158086.31,154868.83,-0.5677212588376827
2008-05-13,2.0,annual,MAY,0.16824162969433487,0.15788024315919136,7148.46,175283.19,165782.58,-0.5559134521245879
2008-05-13,2.0,annual,NOV,0.15261931638438975,0.14856518450997835,2285.97,161164.35,157696.74,-0.483533334348346
2008-05-13,2.0,annual,OCT,0.16510230781314117,0.15889476853812978,3722.4,172346.69,166688.84,-0.5614081779169947
2008-05-13,2.0,annual,SEP,0.15408908212997263,0.1485177198197395,3522.54,162440.97,157656.6,-0.5511536341250152
2008-05-13,2.0,monthly,—,0.1562219285154519,0.1448211867909811,7512.33,164312.22,154563.33,-0.46720142058060143
2008-05-13,2.0,quarterly,FEB,0.16406057302115984,0.15278962682074593,7485.67,171383.51,161311.74,-0.46613320193204566
2008-05-13,2.0,quarterly,JAN,0.17100901541004154,0.16205013926063716,5405.23,177914.56,169540.39,-0.43678452189817885
2008-05-13,2.0,quarterly,MAR,0.1625753238797668,0.15424356525713823,4594.56,170019.88,162575.76,-0.42161269335601015
2008-05-13,3.0,annual,APR,0.14473110479654483,0.13951921160842884,2672.94,154488.74,150236.67,-0.5038849343131075
2008-05-13,3.0,annual,AUG,0.1671009254679866,0.16108602634365055,3109.9,174210.26,168663.79,-0.5414529888712952
2008-05-13,3.0,annual,DEC,0.16161947880443128,0.15716488248124982,2260.82,169148.24,165146.64,-0.4344543866222479
2008-05-13,3.0,annual,FEB,0.13853630481624613,0.13455394006636368,1879.33,149448.57,146299.49,-0.4837428716369191
2008-05-13,3.0,annual,JAN,0.165679314461188,0.1615398412463499,2374.43,172882.58,169075.83,-0.4243880315006373
2008-05-13,3.0,annual,JUL,0.1988146034359709,0.19331116243380764,3519.81,206714.89,200658.47,-0.5421186963261493
2008-05-13,3.0,annual,JUN,0.1925202654923054,0.18442363217425795,4619.61,199803.09,191257.62,-0.5041767484278328
2008-05-13,3.0,annual,MAR,0.14424383504471627,0.13568314497487577,5456.99,154085.94,147185.29,-0.4974086560504548
2008-05-13,3.0,annual,MAY,0.19420343774053206,0.186045834192632,6520.32,201627.98,192939.3,-0.5038849343131075
2008-05-13,3.0,annual,NOV,0.1668221892937406,0.16105330369450088,2903.13,173949.11,168634.12,-0.5543604178179748
2008-05-13,3.0,annual,OCT,0.16673611282467637,0.1603114288686066,3313.12,173868.55,167962.9,-0.5863256829553816
2008-05-13,3.0,annual,SEP,0.1710382587593785,0.16385262620632524,3983.2,177942.59,171191.92,-0.542450716490107
2008-05-13,3.0,monthly,—,0.14555642412144054,0.1339852241395859,7735.25,155173.5,145855.47,-0.48607579861046224
2008-05-13,3.0,quarterly,FEB,0.15058206542533947,0.1433555520198636,4540.76,159412.03,153354.45,-0.5155790143931005
2008-05-13,3.0,quarterly,JAN,0.15982784514121617,0.15364765208350517,3338.17,167526.87,162056.45,-0.4606439467066492
2008-05-13,3.0,quarterly,MAR,0.15417394311753807,0.14411874789422752,6701.46,162515.0,153982.71,-0.43394228604775287
2008-05-13,,buy & hold,—,0.1563144994839002,0.1563144994839002,0.0,164393.94,164393.94,-0.483640273460472
2008-08-13,1.0,annual,APR,0.166434137182757,0.16321877577686628,1072.53,173781.88,170798.14,-0.4141593572471636
2008-08-13,1.0,annual,AUG,0.14687345497947202,0.14373035371921394,1104.25,156429.71,153813.88,-0.43752779122939345
2008-08-13,1.0,annual,DEC,0.19061422051654053,0.18695511695619282,1179.95,198009.26,194131.62,-0.3676220572918759
2008-08-13,1.0,annual,FEB,0.20918272328496246,0.20663834485826882,1538.08,218938.22,215942.5,-0.30434824307195774
2008-08-13,1.0,annual,JAN,0.19878422076461277,0.19549319318532998,1267.84,206954.95,203302.94,-0.31630622868584557
2008-08-13,1.0,annual,JUL,0.1454038815908435,0.14264958492185909,1000.88,155200.94,152924.99,-0.43752990228134714
2008-08-13,1.0,annual,JUN,0.15425581924184606,0.1528977302481257,505.49,162757.31,161573.6,-0.43751632271897656
2008-08-13,1.0,annual,MAR,0.1791818845184613,0.17616353095327064,1059.71,186149.86,183141.93,-0.4036851002640809
2008-08-13,1.0,annual,MAY,0.17129782727525467,0.16814555399890663,1070.54,178397.75,175391.89,-0.43754063735825954
2008-08-13,1.0,annual,NOV,0.193201354873909,0.18866910619834532,1441.06,200798.56,195938.22,-0.3514704990040538
2008-08-13,1.0,annual,OCT,0.1835096437393854,0.17855583295391153,1485.86,190551.34,185521.83,-0.4119443254813818
2008-08-13,1.0,annual,SEP,0.14269172870414215,0.13913647727527,1147.66,152959.55,150072.43,-0.4374872061334981
2008-08-13,1.0,monthly,—,0.18035193088443247,0.17755640741783185,1059.71,187329.45,184523.74,-0.37662969292541004
2008-08-13,1.0,quarterly,FEB,0.17248931498734799,0.16932790218612526,1070.54,179547.67,176513.16,-0.3758100080642113
2008-08-13,1.0,quarterly,JAN,0.16330016384624824,0.16038361383576472,1072.53,170873.01,168211.13,-0.4149117325658861
2008-08-13,1.0,quarterly,MAR,0.17119697614667218,0.16824263807750295,1059.71,178300.77,175483.69,-0.4036851002640809
2008-08-13,2.0,annual,APR,0.16916175188137428,0.16451658427660798,2363.5,176355.15,171996.04,-0.4954477609645547
2008-08-13,2.0,annual,AUG,0.17981400047596552,0.16755427188839322,8803.41,186786.18,174833.91,-0.4954477609645547
2008-08-13,2.0,annual,DEC,0.1623474655402869,0.15878941914420774,1961.97,169998.75,166774.31,-0.39652147268911553
2008-08-13,2.0,annual,FEB,0.16161509734344104,0.15846015583026085,1761.45,169329.82,166479.13,-0.43028806806237063
2008-08-13,2.0,annual,JAN,0.1605646241091513,0.15786053821876955,1572.6,168375.08,165942.98,-0.3980223149096691
2008-08-13,2.0,annual,JUL,0.19926665528194476,0.18800925108790867,8963.63,207495.88,195240.69,-0.4954477609645547
2008-08-13,2.0,annual,JUN,0.19391647895345698,0.18305066454487207,8182.84,201576.61,190079.53,-0.4954477609645547
2008-08-13,2.0,annual,MAR,0.16833923933755612,0.16437319217562807,2145.6,175575.07,171863.26,-0.5085713565225345
2008-08-13,2.0,annual,MAY,0.1899209441949513,0.18011365300948035,6958.14,197268.55,187088.61,-0.4954477609645547
2008-08-13,2.0,annual,NOV,0.17097851116879614,0.16686849919599,2273.04,178090.87,174189.06,-0.4096263661458913
2008-08-13,2.0,annual,OCT,0.18304179961856837,0.1766283259821534,3686.57,190070.43,183601.84,-0.5027036597857255
2008-08-13,2.0,annual,SEP,0.17287179053210078,0.1672441569790809,3491.53,179918.41,174542.0,-0.49593862764760643
2008-08-13,2.0,monthly,—,0.1786130172684831,0.1674616948752946,7700.33,185579.1,174746.72,-0.39382920577561076
2008-08-13,2.0,quarterly,FEB,0.1857756142585637,0.17487989369861878,7503.35,192898.29,181877.89,-0.3908936276767281
2008-08-13,2.0,quarterly,JAN,0.1898290131298216,0.17704227763558633,9197.95,197170.54,184012.45,-0.3582692737346318
2008-08-13,2.0,quarterly,MAR,0.18494274510831354,0.1729774899217439,8123.52,192032.23,180021.01,-0.3481019749966032
2008-08-13,3.0,annual,APR,0.16329206982167344,0.15803898474370393,2666.43,170865.56,166102.36,-0.4242871655953554
2008-08-13,3.0,annual,AUG,0.18647534019854095,0.17456418652053662,8876.91,193628.98,181568.38,-0.4758214678736461
2008-08-13,3.0,annual,DEC,0.17948138281570392,0.17491763681780814,2252.99,186451.07,181914.93,-0.3738135749024807
2008-08-13,3.0,annual,FEB,0.1568905967826112,0.1527382825629594,1910.76,165079.49,161435.22,-0.42961385366386184
2008-08-13,3.0,annual,JAN,0.18335318345044904,0.17904645200128633,2378.34,190390.37,186013.81,-0.3623801970800469
2008-08-13,3.0,annual,JUL,0.21690138540024562,0.20499427325030994,10935.6,228286.05,214028.93,-0.4758214678736461
2008-08-13,3.0,annual,JUN,0.21383852992780084,0.20016410090832049,10934.46,224529.34,208505.98,-0.4242871655953554
2008-08-13,3.0,annual,MAR,0.16709761366072973,0.15906163457352795,5418.03,174404.23,167018.75,-0.4620786231624303
2008-08-13,3.0,annual,MAY,0.2133545755385159,0.20551200470017117,6347.55,223941.49,214629.66,-0.4242871655953554
2008-08-13,3.0,annual,NOV,0.1845527155520169,0.1785837967623417,2900.24,191628.03,185549.83,-0.5074638930971831
2008-08-13,3.0,annual,OCT,0.18461547976290882,0.17799308195638897,3306.08,191693.02,184959.15,-0.5198603053809449
2008-08-13,3.0,annual,SEP,0.1883388677420753,0.18117919416148098,3887.57,195588.81,188168.09,-0.47195232135287624
2008-08-13,3.0,monthly,—,0.16803038997129527,0.15560747932869978,9143.99,175283.07,163944.34,-0.4128447318268993
2008-08-13,3.0,quarterly,FEB,0.17096126626607722,0.15893831742296094,9144.67,178074.31,166907.97,-0.4425433850074889
2008-08-13,3.0,quarterly,JAN,0.17901161919045194,0.16829706011221146,7660.77,185978.84,175535.16,-0.38694394586613046
2008-08-13,3.0,quarterly,MAR,0.17596076169004016,0.16652557815962676,6585.46,182941.65,173867.52,-0.3634168872053204
2008-08-13,,buy & hold,—,0.16191700256261832,0.16191700256261832,0.0,169605.24,169605.24,-0.43860639348261954
2008-11-13,1.0,annual,APR,0.14797304059577499,0.14488899850809,1012.4,157398.61,154814.13,-0.41413335213029334
2008-11-13,1.0,annual,AUG,0.12872730828743795,0.12571525466327615,1042.45,141976.49,139709.95,-0.4375031772631972
2008-11-13,1.0,annual,DEC,0.17143851228307183,0.16792440034848422,1111.2,178589.22,175236.93,-0.3675989463044518
2008-11-13,1.0,annual,FEB,0.1893528622332138,0.1868941365199509,1441.79,196731.7,194133.91,-0.3043440798436039
2008-11-13,1.0,annual,JAN,0.1793491749197934,0.17616442127505294,1194.28,186379.18,183201.87,-0.31627866644791613
2008-11-13,1.0,annual,JUL,0.1273550045569417,0.12471803151818828,945.08,140939.09,138967.96,-0.43750538397675476
2008-11-13,1.0,annual,JUN,0.13600775484260386,0.13469519418428144,478.02,147615.85,146582.07,-0.4374912092973654
2008-11-13,1.0,annual,MAR,0.16019599290308328,0.15729305822263406,1000.49,168090.81,165485.04,-0.4036844716032667
2008-11-13,1.0,annual,MAY,0.15256016624245816,0.14953237773349526,1010.52,161326.04,158722.42,-0.43751656490825086
2008-11-13,1.0,annual,NOV,0.17394020604899463,0.16958517440049714,1359.09,181015.89,176813.07,-0.351451728669225
2008-11-13,1.0,annual,OCT,0.16458255507164365,0.1598220131126823,1403.12,172109.13,167752.75,-0.4119245419880274
2008-11-13,1.0,annual,SEP,0.12469593365348908,0.12129257081751199,1082.9,138951.56,136450.67,-0.43746074226278764
2008-11-13,1.0,monthly,—,0.16129055312216078,0.15858321401009567,1000.49,169084.32,166637.93,-0.37663440918803026
2008-11-13,1.0,quarterly,FEB,0.153726388431899,0.1506895029310561,1010.52,162340.68,159712.25,-0.3758257202367
2008-11-13,1.0,quarterly,JAN,0.14490679359016923,0.14209194003472414,1012.4,154828.92,152508.38,-0.4148747844051518
2008-11-13,1.0,quarterly,MAR,0.15239417532666788,0.14955500718793846,1000.49,161182.16,158741.72,-0.4036844716032667
2008-11-13,2.0,annual,APR,0.14313671894796054,0.13827990655637012,2372.42,153365.43,149423.5,-0.4315117929201273
2008-11-13,2.0,annual,AUG,0.15512910333730712,0.14211344539572324,8596.27,163569.85,152525.97,-0.4315117929201273
2008-11-13,2.0,annual,DEC,0.13586205673549856,0.13205634304416225,1970.46,147500.73,144526.57,-0.26037769056760907
2008-11-13,2.0,annual,FEB,0.13590821742314574,0.13245159895458947,1788.53,147537.19,144832.51,-0.34885185964855026
2008-11-13,2.0,annual,JAN,0.1342048999733626,0.1311930567658438,1587.45,146197.85,143860.7,-0.3016528114311632
2008-11-13,2.0,annual,JUL,0.17421780624011374,0.16239529916702267,8699.85,181287.25,170093.23,-0.4315117929201273
2008-11-13,2.0,annual,JUN,0.1685170891597526,0.15699616488128798,7953.6,175797.75,165220.91,-0.4315117929201273
2008-11-13,2.0,annual,MAR,0.14259400096963348,0.13846214048372996,2159.16,152919.6,149569.48,-0.4447980465282687
2008-11-13,2.0,annual,MAY,0.16477375937345717,0.15452346490408841,6740.37,172286.53,163037.96,-0.4315117929201273
2008-11-13,2.0,annual,NOV,0.15017117393845758,0.14077243378397208,6450.66,159268.07,151433.12,-0.2809174298217879
2008-11-13,2.0,annual,OCT,0.150558682953421,0.13761079028694512,8727.38,159600.02,148888.78,-0.4315117929201273
2008-11-13,2.0,annual,SEP,0.13939218322532676,0.12765924858290412,7973.66,150316.82,141168.4,-0.4315117929201273
2008-11-13,2.0,monthly,—,0.15768043635935458,0.1444804586141616,8913.28,165830.33,154475.1,-0.25965430287302227
2008-11-13,2.0,quarterly,FEB,0.16445997980614824,0.1512106004814714,8993.85,171995.51,160160.1,-0.2581002320931869
2008-11-13,2.0,quarterly,JAN,0.1645720032946395,0.15113831801465316,9090.03,172099.35,160097.9,-0.2568966793736279
2008-11-13,2.0,quarterly,MAR,0.15972046985011745,0.14726548016788132,7922.89,167661.08,156801.72,-0.25286133672395306
2008-11-13,3.0,annual,APR,0.14453711816054404,0.13910449482659148,2644.43,154522.07,150085.23,-0.3695119692260843
2008-11-13,3.0,annual,AUG,0.15773665661993197,0.14490704641265661,8610.64,165880.51,154829.13,-0.3833447848549656
2008-11-13,3.0,annual,DEC,0.16083554333602323,0.1560480356660855,2249.89,168670.58,164380.32,-0.2152377986069819
2008-11-13,3.0,annual,FEB,0.13878244307677468,0.1343741321174451,1929.58,149826.42,146330.35,-0.3236372155890255
2008-11-13,3.0,annual,JAN,0.16469559893055152,0.1601198403245777,2366.42,172213.99,168021.92,-0.235181422367728
2008-11-13,3.0,annual,JUL,0.1878079482845424,0.17499727023967637,10565.45,195095.29,182051.42,-0.3833447848549656
2008-11-13,3.0,annual,JUN,0.18424365715417268,0.16973672403894835,10540.67,191372.79,176957.62,-0.3695119692260843
2008-11-13,3.0,annual,MAR,0.14000539030229653,0.1312731940339752,5356.71,150811.69,143922.37,-0.37880091010827066
2008-11-13,3.0,annual,MAY,0.19377751794347076,0.1856405436997134,6120.48,201496.38,192822.94,-0.3695119692260843
2008-11-13,3.0,annual,NOV,0.16748962724809557,0.15795706409261012,5865.51,174826.71,166077.36,-0.404169539353309
2008-11-13,3.0,annual,OCT,0.16213886058087923,0.15126268175383395,6761.79,169858.48,160204.93,-0.404169539353309
2008-11-13,3.0,annual,SEP,0.16415638461683224,0.15317696970358463,7061.96,171714.42,161861.85,-0.3833447848549656
2008-11-13,3.0,monthly,—,0.1474826228622873,0.13220748055675358,10571.18,156984.65,144643.47,-0.25798535247368515
2008-11-13,3.0,quarterly,FEB,0.1468225259506578,0.1341002045144749,8700.07,156429.25,146115.95,-0.3231720194589087
2008-11-13,3.0,quarterly,JAN,0.15525956580672118,0.1400146779025454,10705.68,163684.66,150819.2,-0.24161241737283
2008-11-13,3.0,quarterly,MAR,0.15474930795087805,0.1411352538376861,9485.44,163236.09,151727.99,-0.2198197572566748
2008-11-13,,buy & hold,—,0.148760390017196,0.148760390017196,0.0,158065.6,158065.6,-0.22129812522787762
2009-02-13,1.0,annual,APR,0.12292012416197562,0.11996788644127687,954.67,137671.88,135520.11,-0.41410453142834613
2009-02-13,1.0,annual,AUG,0.10401598678542767,0.10113546865273937,983.07,124492.77,122605.15,-0.437475882850623
2009-02-13,1.0,annual,DEC,0.1511522680630918,0.13164932904947413,14025.7,160154.34,144247.19,-0.3675733782876619
2009-02-13,1.0,annual,FEB,0.15957226518341383,0.1424837539588898,13929.29,167576.4,152869.24,-0.3852579668277901
2009-02-13,1.0,annual,JAN,0.14876129024917673,0.1329402001003509,11392.34,158109.55,145247.19,-0.3651999794211187
2009-02-13,1.0,annual,JUL,0.1027454679028793,0.10022558421867245,891.65,123656.4,122015.26,-0.43747819301376967
2009-02-13,1.0,annual,JUN,0.11118514989625783,0.1099152712938517,452.71,129326.21,128455.75,-0.4374633776978558
2009-02-13,1.0,annual,MAR,0.13458731936999768,0.1318004311680142,943.66,146533.74,144363.87,-0.40368379042952585
2009-02-13,1.0,annual,MAY,0.12721610986992682,0.12431342927342659,952.9,140867.55,138699.88,-0.4374898498412667
2009-02-13,1.0,annual,NOV,0.1480334504986952,0.1438596225353982,1279.68,157492.5,154002.08,-0.38526624595806835
2009-02-13,1.0,annual,OCT,0.13903189370241986,0.1344686216338794,1322.94,150065.21,146440.63,-0.41190272062484945
2009-02-13,1.0,annual,SEP,0.10014340783399811,0.09689269806675205,1020.58,121962.13,119880.22,-0.4374314448324913
2009-02-13,1.0,monthly,—,0.13553883913934428,0.11648427123108107,12850.06,147282.39,133026.61,-0.37663976279733036
2009-02-13,1.0,quarterly,FEB,0.1250636763745746,0.10976977235070884,9703.07,139256.76,128356.41,-0.3852782941466599
2009-02-13,1.0,quarterly,JAN,0.11539850676108265,0.1024933246994687,7824.12,132259.39,123491.14,-0.4148338868048165
2009-02-13,1.0,quarterly,MAR,0.13253088142825142,0.11495251924595784,11776.02,144929.32,131945.61,-0.40368379042952585
2009-02-13,2.0,annual,APR,0.13560334098121507,0.1306176910011564,2332.02,147333.28,143453.2,-0.2832102360689974
2009-02-13,2.0,annual,AUG,0.1403306006425057,0.12711855919991344,8247.39,151113.83,140794.13,-0.3480659448850546
2009-02-13,2.0,annual,DEC,0.12196640147759708,0.11426033993549922,4636.92,136972.83,131460.16,-0.30085318125156857
2009-02-13,2.0,annual,FEB,0.12777307790042125,0.11305725686635315,9773.57,141287.55,130620.91,-0.28960905387037394
2009-02-13,2.0,annual,JAN,0.12441097239149912,0.11826179212618848,3798.62,138772.15,134292.81,-0.28447433412220413
2009-02-13,2.0,annual,JUL,0.1587913429190767,0.1466852940274529,8330.72,166873.28,156356.17,-0.34813824780043445
2009-02-13,2.0,annual,JUN,0.1530911454278957,0.14144930150902402,7578.15,161832.65,152023.24,-0.3479475897711066
2009-02-13,2.0,annual,MAR,0.13545070284805794,0.13117321334097032,2143.3,147212.88,143880.18,-0.28353978195293605
2009-02-13,2.0,annual,MAY,0.14888053931527423,0.13853714713144905,6409.84,158210.89,149667.74,-0.3482284538282444
2009-02-13,2.0,annual,NOV,0.13617022582494942,0.12658520839141507,6175.76,147781.37,140393.39,-0.27681975886648613
2009-02-13,2.0,annual,OCT,0.1352394960238078,0.1220842182497367,8328.53,147046.44,137058.99,-0.34847996204162457
2009-02-13,2.0,annual,SEP,0.12531783737058755,0.11324389562988924,7702.81,139445.95,130750.73,-0.3539764752514508
2009-02-13,2.0,monthly,—,0.14165416062055114,0.12329726459003487,12004.37,152190.39,137949.34,-0.30677653811404604
2009-02-13,2.0,quarterly,FEB,0.14788673819834142,0.12886014749788244,12821.2,157368.43,142111.07,-0.3040497256409753
2009-02-13,2.0,quarterly,JAN,0.14820233705943842,0.13446323166270957,8619.89,157635.46,146436.4,-0.3479272093631257
2009-02-13,2.0,quarterly,MAR,0.14689551971747938,0.13271002523045727,8937.48,156532.8,145068.35,-0.3132996339778459
2009-02-13,3.0,annual,APR,0.1387213270892077,0.13324595588044386,2572.52,149815.58,145485.12,-0.24831709600364693
2009-02-13,3.0,annual,AUG,0.14975609658351086,0.1371222310192134,8159.07,158957.0,148537.09,-0.2994333850801668
2009-02-13,3.0,annual,DEC,0.1486095432737914,0.14047996817121045,4921.51,157980.7,151234.92,-0.2835079919450144
2009-02-13,3.0,annual,FEB,0.13158419388963505,0.12444918799165283,3914.52,144196.92,138800.47,-0.2587454306649726
2009-02-13,3.0,annual,JAN,0.15741427521607332,0.15012305422011585,4683.69,165640.83,159270.8,-0.2474086873472362
2009-02-13,3.0,annual,JUL,0.17930223902707587,0.16660177348780258,10020.52,186393.03,174045.17,-0.29895240746595486
2009-02-13,3.0,annual,JUN,0.17627366795287747,0.16190282937680978,10028.3,183369.04,169693.06,-0.2990589170908228
2009-02-13,3.0,annual,MAR,0.13488070534147545,0.1259555551690611,5246.4,146764.15,139921.84,-0.3001529750896098
2009-02-13,3.0,annual,MAY,0.18109755097668534,0.17290365370717764,5811.5,188209.73,180063.3,-0.29039499546053527
2009-02-13,3.0,annual,NOV,0.1570760255050706,0.14756525734928638,5608.49,165339.55,157096.9,-0.27062421533949366
2009-02-13,3.0,annual,OCT,0.1509170113446595,0.14008730051315743,6444.17,159951.93,150916.8,-0.2879144290062271
2009-02-13,3.0,annual,SEP,0.1524917272549936,0.14159647356006244,6692.93,161311.84,152143.3,-0.2880120759254339
2009-02-13,3.0,monthly,—,0.13725075188509883,0.12094390872714234,10320.77,148639.42,136227.54,-0.28501786499573856
2009-02-13,3.0,quarterly,FEB,0.13661673072309866,0.12362267851715003,8310.35,148135.31,138189.22,-0.2949861738830618
2009-02-13,3.0,quarterly,JAN,0.144379146951371,0.12849201306530122,10218.49,154432.12,141831.62,-0.29383531303347066
2009-02-13,3.0,quarterly,MAR,0.14369586123121636,0.1299909811684351,9082.22,153866.79,142973.1,-0.2883531132285655
2009-02-13,,buy & hold,—,0.14502572172214656,0.14502572172214656,0.0,154969.06,154969.06,-0.20616771427625047
2009-05-13,1.0,annual,APR,0.14744495194203078,0.1312350618638568,11684.11,156859.88,143816.47,-0.41406783990140206
2009-05-13,1.0,annual,AUG,0.11764139644762228,0.11505096754779787,882.57,133756.11,131924.68,-0.437441110885603
2009-05-13,1.0,annual,DEC,0.1737441045112652,0.1568428038456765,13394.49,180699.89,164981.08,-0.36754089973080084
2009-05-13,1.0,annual,FEB,0.17351618637474775,0.1584062024701055,13189.29,180477.95,166373.86,-0.3852622101659976
2009-05-13,1.0,annual,JAN,0.17112155387645,0.1575983052165405,10816.72,178163.04,165652.62,-0.3652042181268911
2009-05-13,1.0,annual,JUL,0.11649994309432932,0.11424760275664825,797.84,132945.81,131362.11,-0.43744354883877
2009-05-13,1.0,annual,JUN,0.12462544644185514,0.12351132120754815,390.53,138828.86,138006.22,-0.43742794669760177
2009-05-13,1.0,annual,MAR,0.1522984705440592,0.13740141255792027,11046.6,161000.89,148639.3,-0.4036829469635357
2009-05-13,1.0,annual,MAY,0.15586008560545872,0.1368732538837959,14460.26,164111.79,148219.66,-0.4374557837233508
2009-05-13,1.0,annual,NOV,0.1599940622122028,0.1561733375953399,1156.65,167800.91,164388.37,-0.38527047717377383
2009-05-13,1.0,annual,OCT,0.15145132707897602,0.14727862543010162,1199.05,160270.0,156719.95,-0.41187510217969525
2009-05-13,1.0,annual,SEP,0.11398596420371276,0.1110632262477792,916.77,131179.44,129157.06,-0.43739419440542104
2009-05-13,1.0,monthly,—,0.15156669015946733,0.13307864404064607,12260.6,160369.33,145240.94,-0.37664677239293143
2009-05-13,1.0,quarterly,FEB,0.14269083632947155,0.12275112238110897,14180.84,152911.08,137447.86,-0.38528268377355
2009-05-13,1.0,quarterly,JAN,0.13932088567115375,0.1282891216622687,7485.65,150174.88,141570.59,-0.4147818968346716
2009-05-13,1.0,quarterly,MAR,0.15571621787859902,0.13943040913497196,11277.56,163984.93,150263.0,-0.4036829469635357
2009-05-13,2.0,annual,APR,0.14757071956595513,0.13827935383565138,5902.59,156965.77,149339.6,-0.2832095264748995
2009-05-13,2.0,annual,AUG,0.15142867990532427,0.13942701804250157,7624.62,160250.51,150260.27,-0.34807387962524283
2009-05-13,2.0,annual,DEC,0.13938026551110905,0.1322164723461795,4370.52,150222.65,144572.94,-0.300854636633495
2009-05-13,2.0,annual,FEB,0.1458115300030628,0.13314361085890847,9158.3,155491.3,145291.41,-0.2895968019119828
2009-05-13,2.0,annual,JAN,0.14168263093520095,0.1362007068803287,3562.5,152087.06,147687.09,-0.28447256199984083
2009-05-13,2.0,annual,JUL,0.16932601524379798,0.15824574992339457,7706.05,176447.35,166230.36,-0.34814548569844594
2009-05-13,2.0,annual,JUN,0.16301208979727344,0.1526071805955681,6918.17,170548.3,161268.09,-0.3479561428024881
2009-05-13,2.0,annual,MAR,0.14925356792729916,0.14097012050263225,5443.75,158389.88,151507.51,-0.28353868582243
2009-05-13,2.0,annual,MAY,0.1668290027699596,0.14821439531240255,13953.72,174089.64,157508.9,-0.3482363297162331
2009-05-13,2.0,annual,NOV,0.15329056438104927,0.14459766051761946,5788.39,161861.24,154482.3,-0.2768246906714633
2009-05-13,2.0,annual,OCT,0.14521515018815767,0.13353793842551898,7607.26,154994.72,145598.12,-0.34848897624974606
2009-05-13,2.0,annual,SEP,0.13747864697177758,0.12649673834899533,7184.09,148700.77,140222.2,-0.3539824478341065
2009-05-13,2.0,monthly,—,0.16387514775702072,0.1423412110053951,15046.45,171342.48,152624.8,-0.30678266813647603
2009-05-13,2.0,quarterly,FEB,0.1646874788047631,0.14706042592301938,12046.11,172093.48,156536.57,-0.304056569830486
2009-05-13,2.0,quarterly,JAN,0.16413143622513016,0.15093107900046154,8067.01,171579.06,159822.86,-0.34793410693721005
2009-05-13,2.0,quarterly,MAR,0.1628561389170965,0.14942719428047802,8392.12,170405.2,158537.58,-0.313306811450085
2009-05-13,3.0,annual,APR,0.15274169976816843,0.14421854506385545,5208.26,161384.67,154168.58,-0.24831700616654329
2009-05-13,3.0,annual,AUG,0.15467523325035148,0.14324858171194566,7499.64,163070.01,153368.93,-0.29943673255684666
2009-05-13,3.0,annual,DEC,0.16460902348373152,0.15702744461925533,4626.5,172020.8,165144.94,-0.2835119317885302
2009-05-13,3.0,annual,FEB,0.1476817686728754,0.14133425305470693,3623.38,157059.33,151803.4,-0.2587558458223035
2009-05-13,3.0,annual,JAN,0.17308684175506805,0.1665167569161382,4374.44,180060.64,173797.11,-0.24741072901362726
2009-05-13,3.0,annual,JUL,0.1836927523562807,0.1720493143497671,9265.5,190665.71,179056.27,-0.29895554294857996
2009-05-13,3.0,annual,JUN,0.1806523905864782,0.16749679025487196,9254.73,187561.65,174716.97,-0.299062252872227
2009-05-13,3.0,annual,MAR,0.14950625866071954,0.1381576186198038,7206.82,158604.88,149242.29,-0.300154591878526
2009-05-13,3.0,annual,MAY,0.19395900991252157,0.1860167482147993,5889.2,201540.83,193073.83,-0.2903979668064286
2009-05-13,3.0,annual,NOV,0.1717459937067244,0.16319954160347405,5134.34,178763.73,170720.47,-0.2706288013478968
2009-05-13,3.0,annual,OCT,0.1650519090085657,0.1553909675964663,5879.01,172431.5,163698.5,-0.287920348692853
2009-05-13,3.0,annual,SEP,0.16675069105885398,0.15685233636086526,6136.03,174016.23,164989.53,-0.2880179101268381
2009-05-13,3.0,monthly,—,0.1531537399782935,0.1373438020195844,9885.16,161742.3,148593.46,-0.28502343379786454
2009-05-13,3.0,quarterly,FEB,0.15195634622995124,0.1394563660814726,7899.54,160705.3,150283.89,-0.2949928438612014
2009-05-13,3.0,quarterly,JAN,0.15998368082177794,0.14471205128136966,9624.71,167791.54,154577.1,-0.29384058121024104
2009-05-13,3.0,quarterly,MAR,0.159498155907002,0.1464799478418185,8652.8,167353.87,156049.83,-0.28835775218101156
2009-05-13,,buy & hold,—,0.14405736774445532,0.14405736774445532,0.0,154035.4,154035.4,-0.2061728610998823
2009-08-13,1.0,annual,APR,0.16563646919511676,0.15148530005019245,11234.07,173024.34,160341.3,-0.41402753171053086
2009-08-13,1.0,annual,AUG,0.13644600539655205,0.12040597616883819,11106.75,147916.34,135769.14,-0.4374028810616397
2009-08-13,1.0,annual,DEC,0.19084480995860253,0.1755126552145826,12797.19,198240.65,182486.3,-0.36750531772794937
2009-08-13,1.0,annual,FEB,0.1679187182913141,0.15320825466694854,12493.8,175164.99,161832.56,-0.3852666322532108
2009-08-13,1.0,annual,JAN,0.1879859989447349,0.17611920739293974,10274.44,195200.95,183084.48,-0.36520861462267296
2009-08-13,1.0,annual,JUL,0.13242356496054752,0.11743425096670979,10292.82,144766.65,133636.38,-0.4374054543478657
2009-08-13,1.0,annual,JUN,0.13524700044206572,0.12399094004796651,8144.38,146970.05,138389.91,-0.43738902495192056
2009-08-13,1.0,annual,MAR,0.16985095935248495,0.15686506369760178,10550.09,176998.69,165045.5,-0.40368205105466426
2009-08-13,1.0,annual,MAY,0.1736186227615183,0.157072654793302,13879.99,180631.29,165229.87,-0.4374182882674128
2009-08-13,1.0,annual,NOV,0.17750123474059276,0.17398759811482856,1050.03,184454.98,180991.13,-0.38527485718492627
2009-08-13,1.0,annual,OCT,0.1694376136974084,0.1655981327705044,1091.61,176604.77,172988.62,-0.4118449768923609
2009-08-13,1.0,annual,SEP,0.13347682069698508,0.13084292935556785,828.57,145584.53,143548.28,-0.4373533339177086
2009-08-13,1.0,monthly,—,0.16904050733077092,0.1510916786768045,11704.75,176227.18,160002.62,-0.3766547250273822
2009-08-13,1.0,quarterly,FEB,0.16062186495950426,0.1432593432069763,13627.7,168415.21,153416.0,-0.38528720420413454
2009-08-13,1.0,quarterly,JAN,0.15770123293499327,0.14801478847543315,7171.1,165789.43,157380.67,-0.4147248798777202
2009-08-13,1.0,quarterly,MAR,0.1733898589372881,0.15760389283718934,10791.54,180408.55,165702.65,-0.40368205105466437
2009-08-13,2.0,annual,APR,0.1643121735868559,0.15597058656167528,5562.97,171794.61,164253.54,-0.28320877178648296
2009-08-13,2.0,annual,AUG,0.15859126261130918,0.14630137141520316,7779.91,166585.08,155940.02,-0.34808105851684235
2009-08-13,2.0,annual,DEC,0.15653798501722826,0.14968067272149688,4117.97,164755.45,158794.65,-0.3008561749445814
2009-08-13,2.0,annual,FEB,0.15213851569200132,0.1405976248919093,8604.32,160904.98,151242.49,-0.2895843494838678
2009-08-13,2.0,annual,JAN,0.1588395640499053,0.15393500246865643,3345.92,166807.76,162465.89,-0.28447068595817016
2009-08-13,2.0,annual,JUL,0.17244048556044922,0.15327977878447163,14755.86,179487.21,161894.77,-0.34815212640436466
2009-08-13,2.0,annual,JUN,0.1636150667085513,0.14747789484517282,11701.61,171150.9,156927.77,-0.34796358185432863
2009-08-13,2.0,annual,MAR,0.16612853860697185,0.15868114173996106,5132.43,173483.59,166665.65,-0.2835374494816726
2009-08-13,2.0,annual,MAY,0.17155423032656014,0.15420934172965828,13087.44,178631.5,162705.63,-0.3482433745725446
2009-08-13,2.0,annual,NOV,0.16968108068416832,0.16136228792457852,5429.86,176836.69,169087.7,-0.27682981774934634
2009-08-13,2.0,annual,OCT,0.14948195229717942,0.13840452633840183,7076.31,158625.28,149475.82,-0.3484971700333781
2009-08-13,2.0,annual,SEP,0.14364851390430633,0.13296664573257388,6818.0,153736.52,145187.76,-0.3539878337090685
2009-08-13,2.0,monthly,—,0.17088356171995078,0.15106859000544504,13843.68,177986.73,159982.77,-0.3067891674047085
2009-08-13,2.0,quarterly,FEB,0.1714146780446929,0.1520654004481693,13699.05,178497.14,160841.79,-0.30406370992903875
2009-08-13,2.0,quarterly,JAN,0.17157687050163173,0.15250740834920162,13169.3,178653.3,161224.23,-0.3479414038113522
2009-08-13,2.0,quarterly,MAR,0.16840518124722614,0.15004715177819927,12590.43,175624.8,159107.48,-0.3133142002371748
2009-08-13,3.0,annual,APR,0.16288267878604457,0.15500280440080572,4916.66,170477.31,163401.1,-0.2483169116060424
2009-08-13,3.0,annual,AUG,0.15993457279552248,0.14622648586943077,9398.52,167793.45,155877.37,-0.29943978298267804
2009-08-13,3.0,annual,DEC,0.17434411332350297,0.16709591395746093,4351.38,181339.53,174390.11,-0.2835160751031669
2009-08-13,3.0,annual,FEB,0.1578058506427643,0.1520403459077898,3371.71,165882.75,160820.14,-0.25876688112733637
2009-08-13,3.0,annual,JAN,0.18254198848795322,0.17654803994616508,4086.12,189543.55,183508.62,-0.24741287906785014
2009-08-13,3.0,annual,JUL,0.18405160591029202,0.17004218177439812,11397.78,191095.32,177181.24,-0.2989584250900057
2009-08-13,3.0,annual,JUN,0.18465578444413533,0.17023579701876768,10185.85,191720.0,177366.26,-0.2990653834349649
2009-08-13,3.0,annual,MAR,0.15988278085829088,0.1491099583029062,6855.08,167746.7,158308.75,-0.30015637230600145
2009-08-13,3.0,annual,MAY,0.2014770200395012,0.19397931543239622,5460.66,209975.6,201629.08,-0.2904007550909915
2009-08-13,3.0,annual,NOV,0.1802532487791212,0.17219934644741952,4771.52,187215.49,179253.97,-0.2706331489100261
2009-08-13,3.0,annual,OCT,0.1737518667875787,0.16469233517257653,5446.44,180761.15,172146.7,-0.2879259473493879
2009-08-13,3.0,annual,SEP,0.17591815232634167,0.16646567191670603,5729.38,182885.98,173798.96,-0.2880232369610036
2009-08-13,3.0,monthly,—,0.16263122421466003,0.14717920732552636,9577.18,170246.67,156676.39,-0.2850291855064393
2009-08-13,3.0,quarterly,FEB,0.16086940157676433,0.14876849107359236,7569.5,168639.73,158018.77,-0.2949996678080683
2009-08-13,3.0,quarterly,JAN,0.1691931931205065,0.1544955044474855,9063.96,176372.26,162956.1,-0.29384611387560544
2009-08-13,3.0,quarterly,MAR,0.16900261179472975,0.15647447566238404,8190.99,176191.19,164699.19,-0.2883625933065528
2009-08-13,,buy & hold,—,0.14602753265706248,0.14602753265706248,0.0,155711.05,155711.05,-0.20617775445859277
2009-11-13,1.0,annual,APR,0.17290010519507704,0.15998140323811272,10757.01,179986.75,167882.69,-0.4139788943958288
2009-11-13,1.0,annual,AUG,0.14438834743117812,0.12974669114238602,10664.63,154386.97,142742.4,-0.4373567092146624
2009-11-13,1.0,annual,DEC,0.19700130409451033,0.18250601216611406,12167.31,205021.29,189566.63,-0.3674625283788031
2009-11-13,1.0,annual,FEB,0.15428365222758356,0.13947531032379612,11758.91,162814.64,150372.67,-0.38527166125612666
2009-11-13,1.0,annual,JAN,0.19387369486257688,0.1830332455120497,9700.14,201581.29,190107.33,-0.36521358895799816
2009-11-13,1.0,annual,JUL,0.140545388476372,0.1268728110092111,9888.31,151237.62,140566.92,-0.43735943875279515
2009-11-13,1.0,annual,JUN,0.1431246866763879,0.132892854596247,7779.7,153343.9,145164.58,-0.43734206286984234
2009-11-13,1.0,annual,MAR,0.17643391549291831,0.16461399261377518,10024.3,183451.82,172123.5,-0.4036810127630166
2009-11-13,1.0,annual,MAY,0.18044051446156895,0.16532387108873536,13267.78,187463.48,172783.06,-0.43737294515391323
2009-11-13,1.0,annual,NOV,0.21577320231165198,0.21263388497465574,927.64,226959.29,223131.3,-0.3852798022011664
2009-11-13,1.0,annual,OCT,0.19082510509543538,0.17185140770601903,16626.29,198284.82,178971.45,-0.41180893728717305
2009-11-13,1.0,annual,SEP,0.14155026459219544,0.12724103047878532,10075.07,152054.6,140843.7,-0.43730411561645854
2009-11-13,1.0,monthly,—,0.177679516422231,0.15299014244798526,17587.74,184689.47,161686.35,-0.3766646750424204
2009-11-13,1.0,quarterly,FEB,0.16972999925835974,0.14860955851321755,17711.44,176935.6,157925.21,-0.38529227918084663
2009-11-13,1.0,quarterly,JAN,0.16513757630383974,0.1562878063506984,6833.58,172609.72,164578.98,-0.414656215253843
2009-11-13,1.0,quarterly,MAR,0.18011819992841593,0.16485235887563354,10276.61,187137.46,172344.68,-0.40368101276301716
2009-11-13,2.0,annual,APR,0.1863757703933263,0.17902217826985123,5220.04,193572.2,186033.16,-0.2832079402408203
2009-11-13,2.0,annual,AUG,0.18112580301506254,0.16940426683028098,7316.17,188158.6,176625.12,-0.3480887712977069
2009-11-13,2.0,annual,DEC,0.1788210137652072,0.17226477489072012,3862.15,185831.21,179370.95,-0.3008578650257102
2009-11-13,2.0,annual,FEB,0.1497816702847684,0.1388772389516587,8065.96,158922.58,149891.5,-0.289570964677345
2009-11-13,2.0,annual,JAN,0.1815502639915728,0.17724073842797272,3126.6,188590.47,184252.52,-0.28446862593243283
2009-11-13,2.0,annual,JUL,0.1678328606241698,0.1494494862468324,13777.81,175135.17,158639.26,-0.34815993558366554
2009-11-13,2.0,annual,JUN,0.1598395593200178,0.14438253770260945,10964.12,167754.56,154382.16,-0.34797149097223956
2009-11-13,2.0,annual,MAR,0.1885913249924488,0.18201159134307676,4818.87,195904.38,189061.0,-0.2835360901314815
2009-11-13,2.0,annual,MAY,0.16784442465195648,0.15128819491205336,12258.27,175146.09,160214.13,-0.34825083206749274
2009-11-13,2.0,annual,NOV,0.18976272178649067,0.181269360237596,5551.77,197149.02,188304.55,-0.2768352494086317
2009-11-13,2.0,annual,OCT,0.16746400358950864,0.15688960315204892,6588.59,174787.32,165112.62,-0.34850582085162296
2009-11-13,2.0,annual,SEP,0.16680039051844198,0.15646358491185797,6447.19,174163.29,164734.66,-0.35399359489064497
2009-11-13,2.0,monthly,—,0.19255790024633368,0.17429826654587643,13236.89,200151.71,181349.6,-0.3067960966372725
2009-11-13,2.0,quarterly,FEB,0.19298905271024502,0.17510635409593178,13156.56,200619.0,182142.11,-0.3040713482888088
2009-11-13,2.0,quarterly,JAN,0.18141229689727079,0.16474080741961894,11282.47,188449.98,172241.14,-0.3479497770411396
2009-11-13,2.0,quarterly,MAR,0.19028793033172253,0.1723333347135202,12843.67,197709.69,179437.3,-0.3133221644780303
2009-11-13,3.0,annual,APR,0.17549610191364085,0.16826913745516447,4630.45,182525.62,175547.53,-0.24831680942123202
2009-11-13,3.0,annual,AUG,0.17108437156641865,0.1581926715697296,8811.86,178232.58,166274.28,-0.29944301123871897
2009-11-13,3.0,annual,DEC,0.186439432673552,0.17951108681014583,4080.78,193638.81,186524.93,-0.283520561405342
2009-11-13,3.0,annual,FEB,0.17054211031983602,0.1653292888438861,3135.84,177712.13,172788.11,-0.2587790815310631
2009-11-13,3.0,annual,JAN,0.19464736620463963,0.18922701852341983,3804.42,202426.73,196578.82,-0.24741520574057307
2009-11-13,3.0,annual,JUL,0.19499236259297936,0.18174326954816966,10658.89,202804.89,188787.18,-0.2989615625154415
2009-11-13,3.0,annual,JUN,0.19566678762971323,0.18199013393916974,9520.74,203546.23,189039.09,-0.2990687560093769
2009-11-13,3.0,annual,MAR,0.17290565233337019,0.16271273236889738,6504.76,179992.13,170369.79,-0.30015828289700963
2009-11-13,3.0,annual,MAY,0.2113877780195238,0.20431625206952664,5059.91,221630.01,213302.02,-0.2904037393728264
2009-11-13,3.0,annual,NOV,0.18970497833596223,0.18112831533738782,5334.2,197087.48,188161.15,-0.270637616204075
2009-11-13,3.0,annual,OCT,0.18386924838282404,0.17425311364708762,6048.73,190967.94,181305.42,-0.28793169980273814
2009-11-13,3.0,annual,SEP,0.18688236364858957,0.1765789204130085,6601.03,194102.94,183595.46,-0.2880288397045673
2009-11-13,3.0,monthly,—,0.17344130091666365,0.15791033573249702,9696.74,180513.02,166021.86,-0.2850352984289568
2009-11-13,3.0,quarterly,FEB,0.17168300455384544,0.15926775873098376,7931.6,178808.96,167239.06,-0.2950070543966703
2009-11-13,3.0,quarterly,JAN,0.179920437022144,0.16522771235211764,9055.78,186937.71,172693.57,-0.2938522365231889
2009-11-13,3.0,quarterly,MAR,0.18050573448524176,0.16822868661793866,7962.88,187529.53,175509.26,-0.288367758721514
2009-11-13,,buy & hold,—,0.1453518106093904,0.1453518106093904,0.0,155187.21,155187.21,-0.20618269299145964
2010-02-13,1.0,annual,APR,0.2097537599196596,0.1993480030800857,10323.77,219755.15,207712.17,-0.41392574620341327
2010-02-13,1.0,annual,AUG,0.18198765060261624,0.17026978510938584,10264.58,189095.53,177503.33,-0.43730620220873373
2010-02-13,1.0,annual,DEC,0.2333502750659079,0.20951399880339927,23541.23,249747.76,219469.84,-0.36741596496984985
2010-02-13,1.0,annual,FEB,0.1830320167500784,0.16503050585763057,16084.16,190165.7,172559.24,-0.3852768068698199
2010-02-13,1.0,annual,JAN,0.21950689137377488,0.19327526691510466,27970.88,231684.67,200996.17,-0.36521865069918025
2010-02-13,1.0,annual,JUL,0.17833366663556494,0.16738537821124677,9521.05,185399.61,174763.63,-0.4373090936799271
2010-02-13,1.0,annual,JUN,0.18066650709746745,0.1725383976653715,7453.82,187750.58,179689.19,-0.43729074810594204
2010-02-13,1.0,annual,MAR,0.21261314188171465,0.20309197530578438,9545.55,223186.77,211966.07,-0.40367993132799607
2010-02-13,1.0,annual,MAY,0.21684724817952283,0.20474317631243955,12707.32,228368.07,213870.19,-0.43732327178233965
2010-02-13,1.0,annual,NOV,0.24825787799141652,0.24540452499868437,830.83,270783.83,266624.66,-0.3852848225206944
2010-02-13,1.0,annual,OCT,0.226938481813037,0.21160223241853215,15939.27,241211.74,221967.4,-0.41176995882687784
2010-02-13,1.0,annual,SEP,0.17936938066427255,0.1678694404855382,9714.17,186439.62,175220.35,-0.4372504385295195
2010-02-13,1.0,monthly,—,0.21076531921620834,0.18738961649668429,17024.22,220963.0,194698.29,-0.3766759942018324
2010-02-13,1.0,quarterly,FEB,0.203287925917354,0.18491063695268684,17650.09,212191.13,192106.38,-0.3852974007066192
2010-02-13,1.0,quarterly,JAN,0.1923308307622663,0.1680304654946435,22723.59,199971.75,175372.55,-0.4145813473737944
2010-02-13,1.0,quarterly,MAR,0.21704990139991331,0.19279455485415375,20266.17,228619.09,200474.08,-0.40367993132799607
2010-02-13,2.0,annual,APR,0.22006021081585925,0.21356935601178917,4924.58,232380.75,224346.41,-0.2832070978430986
2010-02-13,2.0,annual,AUG,0.21536269604510838,0.2039857176555372,6960.91,226537.72,212994.56,-0.348095937187877
2010-02-13,2.0,annual,DEC,0.21294062947841808,0.20625500642883787,3996.86,223583.24,215628.81,-0.3008595614392917
2010-02-13,2.0,annual,FEB,0.18285902630044581,0.1702553007902191,10730.72,189988.01,177489.46,-0.28955731819802133
2010-02-13,2.0,annual,JAN,0.21605709896409986,0.2110682725478824,4187.45,227392.02,221326.05,-0.2844665468884807
2010-02-13,2.0,annual,JUL,0.20109367420789248,0.1847300521047871,12973.6,209684.7,191918.95,-0.34816729502237875
2010-02-13,2.0,annual,JUN,0.19393751209263177,0.1799787054981622,10368.62,201717.69,187054.27,-0.3479788617750137
2010-02-13,2.0,annual,MAR,0.2223921925740161,0.2165413573241325,4551.87,235337.66,227989.71,-0.2835347161510069
2010-02-13,2.0,annual,MAY,0.20176470267746904,0.18716816995862862,11596.99,210447.99,194465.31,-0.3482577792217888
2010-02-13,2.0,annual,NOV,0.2235783718886547,0.2153574972293707,5249.04,236856.24,226531.34,-0.2768407145002172
2010-02-13,2.0,annual,OCT,0.201491508915833,0.19119928682737497,6235.68,210136.89,198751.39,-0.34851363637801014
2010-02-13,2.0,annual,SEP,0.20180427156114578,0.1916848718897074,6153.55,210493.08,199274.15,-0.3539989952096546
2010-02-13,2.0,monthly,—,0.22664150453392973,0.20908157836891628,13133.03,240823.56,218956.23,-0.3068025726807546
2010-02-13,2.0,quarterly,FEB,0.22655118358625048,0.20981479900713518,12762.21,240705.62,219827.84,-0.30407851072218195
2010-02-13,2.0,quarterly,JAN,0.21512004049967703,0.1990592495760245,11090.31,226239.95,207387.71,-0.3479576365013417
2010-02-13,2.0,quarterly,MAR,0.22418339029385626,0.20739498872026185,12538.52,237634.6,216964.58,-0.31332959547038
2010-02-13,3.0,annual,APR,0.20949666323282645,0.2029249131371328,4396.9,219449.23,211774.38,-0.24831670672964812
2010-02-13,3.0,annual,AUG,0.2043456391509758,0.19226150496583216,8324.06,213410.18,199896.76,-0.299446121333491
2010-02-13,3.0,annual,DEC,0.2179746893611686,0.20993791961681463,5376.98,229768.11,219974.55,-0.2835250882324164
2010-02-13,3.0,annual,FEB,0.2046641083081998,0.19824067064626594,4837.56,213778.61,206470.73,-0.25879193449894033
2010-02-13,3.0,annual,JAN,0.22690755596650314,0.21831298179297842,8122.01,241171.28,230189.88,-0.247417551688076
2010-02-13,3.0,annual,JUL,0.22749114338486753,0.21499977224191025,10030.57,241935.8,226092.52,-0.2989646107918462
2010-02-13,3.0,annual,JUN,0.22808256264632865,0.2150327672999316,8965.33,242713.06,226132.96,-0.2990720043449997
2010-02-13,3.0,annual,MAR,0.20716781937710815,0.1975481480390936,6206.8,216697.72,205698.17,-0.3001601889841272
2010-02-13,3.0,annual,MAY,0.2435817079042183,0.23677835681056225,4742.97,264001.12,254435.36,-0.29040660905745797
2010-02-13,3.0,annual,NOV,0.22287549993920164,0.2146950052548956,5029.56,235955.22,225719.34,-0.2706421028025954
2010-02-13,3.0,annual,OCT,0.2171763531443317,0.20797398770571174,5720.18,228775.86,217646.22,-0.28793711942431544
2010-02-13,3.0,annual,SEP,0.22002676238883134,0.2101995457982223,6235.79,232338.62,220286.61,-0.28803427976137275
2010-02-13,3.0,monthly,—,0.20874156513733133,0.19101977445402019,12175.78,218553.23,198558.48,-0.28504116199564367
2010-02-13,3.0,quarterly,FEB,0.20508433776385393,0.19304182395606995,7778.44,214265.76,200742.46,-0.295014156754686
2010-02-13,3.0,quarterly,JAN,0.21204409355117593,0.19638765530661206,10248.11,222499.54,204410.16,-0.29385811781590554
2010-02-13,3.0,quarterly,MAR,0.2124272320284849,0.19880513090380492,9489.68,222962.02,207102.6,-0.2883727153817246
2010-02-13,,buy & hold,—,0.162320945151189,0.162320945151189,0.0,170058.31,170058.31,-0.20618753234751197
2010-05-13,1.0,annual,APR,0.20120974368625555,0.18949557771435888,10078.86,209685.16,196811.39,-0.4138586136668956
2010-05-13,1.0,annual,AUG,0.17403033585035155,0.1623544166569696,9819.33,181042.18,170001.15,-0.4372423268763471
2010-05-13,1.0,annual,DEC,0.217744669547571,0.19377294424677227,22408.14,229327.74,201416.12,-0.3673574644050507
2010-05-13,1.0,annual,FEB,0.16696732192030395,0.14918337533028392,15124.21,174277.82,158377.86,-0.38528283685020115
2010-05-13,1.0,annual,JAN,0.20367212558404424,0.17713062958747938,26592.0,212498.55,184096.13,-0.3652245467456412
2010-05-13,1.0,annual,JUL,0.17054628503487945,0.1596094118946657,9112.65,177672.29,167507.83,-0.4372454097469993
2010-05-13,1.0,annual,JUN,0.1726312253869936,0.16451398866769107,7091.13,179681.08,171989.65,-0.43722593552684763
2010-05-13,1.0,annual,MAR,0.2033305594502458,0.19345558701842636,9375.54,212106.02,201070.73,-0.40367864358491956
2010-05-13,1.0,annual,MAY,0.2078485678011689,0.1952629379190841,12446.63,217358.25,203045.83,-0.4372603416987766
2010-05-13,1.0,annual,NOV,0.23242973372591413,0.22996864245471682,709.75,248327.24,245035.98,-0.38529065563511744
2010-05-13,1.0,annual,OCT,0.21766581274073216,0.20253072549993367,15196.82,229229.77,211189.71,-0.4117213551450145
2010-05-13,1.0,annual,SEP,0.17162757115847904,0.16020296633718478,9312.29,178711.18,168043.74,-0.43718279442908325
2010-05-13,1.0,monthly,—,0.19679675778126293,0.16761762032846572,22293.55,204737.52,174889.59,-0.37669096354922205
2010-05-13,1.0,quarterly,FEB,0.1818566680964936,0.15861875498538403,21624.89,188853.65,166617.33,-0.3853033128878188
2010-05-13,1.0,quarterly,JAN,0.1632480512768396,0.14684513263870802,13753.86,170821.1,156402.2,-0.41448702243618885
2010-05-13,1.0,quarterly,MAR,0.20335234268588065,0.17356381570173862,24604.29,212131.03,180587.16,-0.40367864358491956
2010-05-13,2.0,annual,APR,0.20716056952047268,0.2005720630605511,4647.15,216550.01,208962.77,-0.29105845958281407
2010-05-13,2.0,annual,AUG,0.20274726461467607,0.19165750549356997,6576.86,211437.38,199125.19,-0.348104080049767
2010-05-13,2.0,annual,DEC,0.2003551752350491,0.19385835233675486,3747.77,208717.65,201509.17,-0.3008614921354996
2010-05-13,2.0,annual,FEB,0.17058323305109468,0.15824300967100313,10099.14,177707.69,166280.85,-0.29030394544840576
2010-05-13,2.0,annual,JAN,0.20347278720331896,0.19865045076348464,3923.18,212269.38,206801.16,-0.2898238459378698
2010-05-13,2.0,annual,JUL,0.20046789723405356,0.18457808150253407,12126.58,208845.01,191650.2,-0.34817577162753544
2010-05-13,2.0,annual,JUN,0.19421957746361895,0.18059019985435876,9737.93,201903.23,187566.51,-0.3479872713232329
2010-05-13,2.0,annual,MAR,0.2095576759131087,0.2031455341446503,5022.02,219379.32,211893.69,-0.29044625853471573
2010-05-13,2.0,annual,MAY,0.20435527929984587,0.18587116248450208,15292.32,213285.86,192993.8,-0.3482657171207115
2010-05-13,2.0,annual,NOV,0.2106391366168131,0.2026729710886449,4913.44,220668.01,211352.37,-0.2902149300194655
2010-05-13,2.0,annual,OCT,0.18859905000749622,0.17858758273094366,5847.78,195859.95,185549.54,-0.3485225775370244
2010-05-13,2.0,annual,SEP,0.1899426234428826,0.17999990809865773,5843.74,197287.58,186969.66,-0.35400509426765314
2010-05-13,2.0,monthly,—,0.21410113407671727,0.19674323120308645,12730.94,224845.15,204678.24,-0.3068099462588262
2010-05-13,2.0,quarterly,FEB,0.2134493153010223,0.19705137767238246,12157.75,224052.62,205019.73,-0.30408671247015584
2010-05-13,2.0,quarterly,JAN,0.20241736252418374,0.1866061806685707,10673.77,211060.16,193761.82,-0.3479666577374262
2010-05-13,2.0,quarterly,MAR,0.21149042868737788,0.1947117456584836,12028.29,221687.81,202441.39,-0.3133380522510172
2010-05-13,3.0,annual,APR,0.20430962004446795,0.1971389024688447,4874.21,213233.14,205116.83,-0.2526878583670813
2010-05-13,3.0,annual,AUG,0.19878261875356207,0.18696793692220137,7824.52,206949.11,194140.97,-0.29944958481067774
2010-05-13,3.0,annual,DEC,0.20084195607306,0.1930514534137625,5061.7,209268.21,200631.77,-0.2962528332275388
2010-05-13,3.0,annual,FEB,0.20120527908280128,0.1950751269039389,4528.03,209680.1,202839.67,-0.25880662229557505
2010-05-13,3.0,annual,JAN,0.20954821823183722,0.2009999712949121,7676.38,219368.09,209447.25,-0.2960948339318653
2010-05-13,3.0,annual,JUL,0.2208832453582189,0.20860243062764583,9389.22,233261.39,218247.38,-0.2989680175042574
2010-05-13,3.0,annual,JUN,0.2212635598049607,0.20864138780087338,8388.64,233742.64,218293.43,-0.299075658632286
2010-05-13,3.0,annual,MAR,0.2042082036053906,0.19354822553103046,7215.55,213116.11,201171.49,-0.3001623231252908
2010-05-13,3.0,annual,MAY,0.23658628713008711,0.22934473205707884,5296.28,253986.98,244208.6,-0.2904098428209215
2010-05-13,3.0,annual,NOV,0.2183056860116651,0.21042503565880633,4714.0,230025.93,220412.28,-0.2706470888128333
2010-05-13,3.0,annual,OCT,0.21236610238315257,0.20345428574104474,5376.3,222741.81,212248.12,-0.28794313272720695
2010-05-13,3.0,annual,SEP,0.21456024867744306,0.2050594687065147,5850.44,225405.08,214100.51,-0.2880403268409357
2010-05-13,3.0,monthly,—,0.20545040560793149,0.18818116366118776,11623.21,214554.13,195418.08,-0.28504758413765774
2010-05-13,3.0,quarterly,FEB,0.2013020882400568,0.18941535421111755,7617.33,209789.99,196726.06,-0.2950219519476134
2010-05-13,3.0,quarterly,JAN,0.19609094396828597,0.18238593622542532,8088.23,203957.28,189394.24,-0.2961055721369307
2010-05-13,3.0,quarterly,MAR,0.2093932938899431,0.19498680414727565,10194.95,219184.11,202742.79,-0.2883782369532154
2010-05-13,,buy & hold,—,0.1364775185581656,0.1364775185581656,0.0,147946.88,147946.88,-0.312780856840283
2010-08-13,1.0,annual,APR,0.2228838141489603,0.2117669063408697,9509.64,235886.9,222094.53,-0.41376782266801804
2010-08-13,1.0,annual,AUG,0.2135822268058999,0.19318206552634354,20785.59,224289.78,200835.68,-0.4371558010995674
2010-08-13,1.0,annual,DEC,0.28452825195896503,0.26344230010855807,21133.96,329494.83,293916.27,-0.36727896440414987
2010-08-13,1.0,annual,FEB,0.23327176122578586,0.218090320460811,14040.14,249554.45,229836.73,-0.38529025749440027
2010-08-13,1.0,annual,JAN,0.27016070724097985,0.25030631834782524,25054.92,304818.22,273708.16,-0.36523175029568467
2010-08-13,1.0,annual,JUL,0.23300797869875078,0.21532180098020592,18604.07,249197.73,226414.01,-0.43715911953484365
2010-08-13,1.0,annual,JUN,0.19493464045985365,0.187098506608658,6918.6,202748.84,194336.47,-0.43713828910626074
2010-08-13,1.0,annual,MAR,0.2241323530175484,0.21486529684964661,8741.56,237488.95,225854.6,-0.4036770366456971
2010-08-13,1.0,annual,MAY,0.22898559729455792,0.21700005959424729,11738.73,243821.12,228482.64,-0.43717490241231205
2010-08-13,1.0,annual,NOV,0.29900040791635585,0.2970786009489904,547.8,356342.64,352657.14,-0.385297760941019
2010-08-13,1.0,annual,OCT,0.23848077599774553,0.22541902617674647,14359.52,256704.74,239151.41,-0.411656809579553
2010-08-13,1.0,annual,SEP,0.19427480264659824,0.18419136472673558,8841.91,202026.38,191307.0,-0.4370915852112939
2010-08-13,1.0,monthly,—,0.25736611969188694,0.22540451394331196,28625.25,284390.52,239132.59,-0.37671241181859494
2010-08-13,1.0,quarterly,FEB,0.22041089920414703,0.1906536940727418,29936.84,232745.88,198108.03,-0.3853104591596286
2010-08-13,1.0,quarterly,JAN,0.22536121171646906,0.2028751790966853,24227.48,239076.45,211652.21,-0.4143598779910105
2010-08-13,1.0,quarterly,MAR,0.22440164431733167,0.19618364277581735,23342.42,237835.92,204123.62,-0.4036770366456962
2010-08-13,2.0,annual,APR,0.25292169543264753,0.24678159608528072,4280.01,277618.09,268525.59,-0.2910667329747333
2010-08-13,2.0,annual,AUG,0.25294133854173706,0.23641168727104833,14363.66,277647.67,253840.28,-0.3481139756901148
2010-08-13,2.0,annual,DEC,0.24508164921500597,0.23893768372348323,3443.09,266061.23,257341.64,-0.30086384077992456
2010-08-13,2.0,annual,FEB,0.21572430676755616,0.2047926619879722,9372.92,226908.41,213861.14,-0.29031402384220584
2010-08-13,2.0,annual,JAN,0.24745259739646908,0.24324839369444862,3586.93,269504.59,263428.95,-0.2898325090829885
2010-08-13,2.0,annual,JUL,0.24622140320486385,0.22634520012218984,17856.77,267710.98,240355.32,-0.3481862692317955
2010-08-13,2.0,annual,JUN,0.23856450810415375,0.22183502976575686,13801.5,256821.34,234549.58,-0.34799752635006465
2010-08-13,2.0,annual,MAR,0.25439733117457897,0.24853967782787179,4630.29,279848.66,271098.22,-0.29045458257929047
2010-08-13,2.0,annual,MAY,0.24945722288796268,0.23271135895739514,14273.93,272450.64,248797.21,-0.348275369975119
2010-08-13,2.0,annual,NOV,0.2548366812618289,0.24730862769936623,4511.09,280516.22,269294.23,-0.2902233716617063
2010-08-13,2.0,annual,OCT,0.23394414124735585,0.22438348741057867,5392.57,250466.06,237812.51,-0.3485335083648933
2010-08-13,2.0,annual,SEP,0.2375318562173433,0.2279470413568413,5461.12,255387.05,242451.95,-0.3540124388896715
2010-08-13,2.0,monthly,—,0.26276446369405837,0.23923002461118792,21962.75,292838.09,257749.98,-0.3068189210160497
2010-08-13,2.0,quarterly,FEB,0.26202638916447907,0.2394247096195291,21349.0,291668.55,258022.27,-0.3040967572432407
2010-08-13,2.0,quarterly,JAN,0.24623350847162262,0.23100069459195904,10367.8,267728.56,246499.92,-0.34797779810786067
2010-08-13,2.0,quarterly,MAR,0.2561589664912306,0.24004165531960353,11255.61,282534.94,258887.05,-0.3133483441391123
2010-08-13,3.0,annual,APR,0.25097327841834793,0.24438929823508337,4512.46,274700.0,265064.04,-0.2526921169666456
2010-08-13,3.0,annual,AUG,0.24421034101913242,0.23163063594042244,9066.04,264806.9,247343.39,-0.2994537176155576
2010-08-13,3.0,annual,DEC,0.2369674772001954,0.22960767403571103,4688.75,254606.55,244644.95,-0.29625947547103615
2010-08-13,3.0,annual,FEB,0.24696807389163988,0.24160999352601398,4165.0,268797.3,261098.51,-0.25882506710927444
2010-08-13,3.0,annual,JAN,0.24481801932510405,0.2374709390008164,7151.06,265681.08,255302.69,-0.29610122980989007
2010-08-13,3.0,annual,JUL,0.265032953805281,0.25241543353135343,9944.56,296461.93,276856.92,-0.29897211475881946
2010-08-13,3.0,annual,JUN,0.2654113216562407,0.25256467555839623,8984.56,297070.67,277081.09,-0.29908007100989453
2010-08-13,3.0,annual,MAR,0.250353105241924,0.24042140125890132,6752.82,273777.62,259420.79,-0.3001648824773169
2010-08-13,3.0,annual,MAY,0.28091499469186443,0.2741986085124929,4859.1,323109.09,311562.47,-0.2904137153358105
2010-08-13,3.0,annual,NOV,0.26325642206156463,0.25581086728886826,4346.15,293620.22,282002.1,-0.2706530481930114
2010-08-13,3.0,annual,OCT,0.2580914558131234,0.24957427778661023,4984.94,285511.3,272623.65,-0.28795030764964546
2010-08-13,3.0,annual,SEP,0.2607088626952868,0.2516757141811924,5405.24,289592.36,275748.48,-0.2880475560351232
2010-08-13,3.0,monthly,—,0.25096007319243074,0.23412405724803975,11928.58,274680.33,250710.56,-0.2850551896536593
2010-08-13,3.0,quarterly,FEB,0.24646440041808548,0.2345195420411309,8131.16,268064.04,251248.84,-0.29503126179254213
2010-08-13,3.0,quarterly,JAN,0.24148127627154958,0.22808725409603958,7970.86,260916.3,242636.34,-0.29611250111495524
2010-08-13,3.0,quarterly,MAR,0.25488764946901343,0.24106293314252525,9928.31,280593.77,260324.98,-0.28838497874248703
2010-08-13,,buy & hold,—,0.16802360899259228,0.16802360899259228,0.0,175320.58,175320.58,-0.31278723760808025
2010-11-13,1.0,annual,APR,0.22337787705314238,0.21284612037517825,8940.09,236599.81,223469.74,-0.4136527033869697
2010-11-13,1.0,annual,AUG,0.21439311483466883,0.19494706670469164,19818.16,225351.28,202823.71,-0.4370458595598895
2010-11-13,1.0,annual,DEC,0.28312217729042544,0.2627683705717142,19859.19,327130.22,292958.09,-0.3671805870900622
2010-11-13,1.0,annual,FEB,0.23109926123195212,0.21673029847743674,12958.68,246717.84,228224.31,-0.3852986277459086
2010-11-13,1.0,annual,JAN,0.26840625264147644,0.24972176338402197,23517.13,302052.55,272943.47,-0.3652398072576013
2010-11-13,1.0,annual,JUL,0.2338381270584119,0.21695382004537056,17746.28,250410.4,228501.01,-0.4370494383671386
2010-11-13,1.0,annual,JUN,0.19602146836334755,0.18862925574841494,6463.21,204006.46,196008.82,-0.4370271678936537
2010-11-13,1.0,annual,MAR,0.22368969507208225,0.21501773588105733,8107.22,237000.2,226115.51,-0.4036752063128545
2010-11-13,1.0,annual,MAY,0.2289140706438596,0.21750738814974502,11032.94,243811.01,229187.74,-0.43706602040304277
2010-11-13,1.0,annual,NOV,0.2973572587393555,0.29594232271311827,385.66,353340.92,350645.71,-0.3853056803275
2010-11-13,1.0,annual,OCT,0.23878086368780738,0.21615084434033804,26674.11,257215.16,227508.57,-0.4115770841747738
2010-11-13,1.0,annual,SEP,0.18331371291606724,0.15223807142985224,28408.07,190456.44,161077.44,-0.43697637740242856
2010-11-13,1.0,monthly,—,0.25631656878170206,0.22559532166449514,27063.06,282884.18,239462.02,-0.3767416118138823
2010-11-13,1.0,quarterly,FEB,0.22019444688358092,0.19169378052934893,28436.82,232550.9,199284.78,-0.3853183534559782
2010-11-13,1.0,quarterly,JAN,0.2257555748603871,0.2045279513327044,23064.31,239670.21,213622.02,-0.4141993479513072
2010-11-13,1.0,quarterly,MAR,0.2118319815127524,0.17152158860488587,34808.16,222244.92,178707.07,-0.4036752063128545
2010-11-13,2.0,annual,APR,0.25118984527791566,0.24556624104529912,3890.61,275125.81,266859.44,-0.29107623141138483
2010-11-13,2.0,annual,AUG,0.24724543428379098,0.2314342300622071,13455.37,269301.43,247166.49,-0.34812539907396023
2010-11-13,2.0,annual,DEC,0.24354371483089066,0.23786608679223187,3101.02,263947.51,255941.94,-0.300866559319385
2010-11-13,2.0,annual,FEB,0.21452984697572075,0.20432604642443664,8611.23,225518.35,213388.54,-0.29032558944904574
2010-11-13,2.0,annual,JAN,0.24581330157959702,0.24206431736702194,3220.98,267217.34,261837.69,-0.2898424907098889
2010-11-13,2.0,annual,JUL,0.2431736321206145,0.2243349996131495,16463.78,263418.13,237830.98,-0.3481986995648939
2010-11-13,2.0,annual,JUN,0.2368737629762513,0.22094603828864756,12789.37,254567.92,233500.48,-0.34800940243630596
2010-11-13,2.0,annual,MAR,0.2527674215057537,0.2474191995219871,4186.99,277490.32,269555.41,-0.2904641325612518
2010-11-13,2.0,annual,MAY,0.24755392226649697,0.23166031513997953,13214.86,269752.48,247469.77,-0.34828655312833523
2010-11-13,2.0,annual,NOV,0.25253749267082914,0.24459517553185284,5462.88,277144.44,265457.36,-0.29023319782999013
2010-11-13,2.0,annual,OCT,0.2319792591523101,0.22205004149797414,6120.11,247898.26,234902.4,-0.34854632359593674
2010-11-13,2.0,annual,SEP,0.23255612633788358,0.21380242764470003,17017.89,248675.14,224630.97,-0.35402090289908916
2010-11-13,2.0,monthly,—,0.2606500647303881,0.23726872693589318,21974.07,289611.81,255113.92,-0.30682984534088686
2010-11-13,2.0,quarterly,FEB,0.25753443915914065,0.236740756075832,18980.32,284759.02,254384.32,-0.3041085885444206
2010-11-13,2.0,quarterly,JAN,0.2434328757877201,0.2284310594528315,10396.09,263788.85,243173.15,-0.34799095850336703
2010-11-13,2.0,quarterly,MAR,0.2494236766056125,0.22486259453090762,22583.5,272502.47,238512.4,-0.31336035308291965
2010-11-13,3.0,annual,APR,0.24766904312714788,0.2415716743600277,4131.68,269920.99,261138.87,-0.2526968251309396
2010-11-13,3.0,annual,AUG,0.23970905061849856,0.22783027892399554,8383.1,258513.54,242382.11,-0.2994585303498033
2010-11-13,3.0,annual,DEC,0.2421019266587271,0.23520933247503983,4289.66,261891.12,252279.86,-0.29626693624343636
2010-11-13,3.0,annual,FEB,0.24325825681850788,0.23830087973924996,3790.28,263539.09,256546.31,-0.2588469996269661
2010-11-13,3.0,annual,JAN,0.2498563534147914,0.2431813703403377,6596.84,273142.82,263429.19,-0.29610853450305397
2010-11-13,3.0,annual,JUL,0.2598086259582456,0.24781694156215195,9143.31,288293.16,270137.64,-0.2989768756002136
2010-11-13,3.0,annual,JUN,0.25997464872084286,0.24785830583167334,8239.25,288552.87,270198.27,-0.29908518360091063
2010-11-13,3.0,annual,MAR,0.24688448236005434,0.23740995956612,6295.1,268774.64,255309.44,-0.3001677250642991
2010-11-13,3.0,annual,MAY,0.2753315651636582,0.2690752379689464,4387.52,313607.75,303150.11,-0.29041817912388845
2010-11-13,3.0,annual,NOV,0.25866497809059197,0.25107894187050606,4925.3,286510.48,274960.34,-0.2706599100540489
2010-11-13,3.0,annual,OCT,0.2538047569763603,0.24470313814295241,6128.23,279056.13,265612.88,-0.2879585780138373
2010-11-13,3.0,annual,SEP,0.2572847584140233,0.24653680363254094,8245.07,284373.64,268268.18,-0.28805582269685837
2010-11-13,3.0,monthly,—,0.2474943211181465,0.23050495224902423,12372.77,269665.28,245923.83,-0.28506417004707496
2010-11-13,3.0,quarterly,FEB,0.24225675191821605,0.23077346603208737,7804.47,262111.17,246282.25,-0.2950419156287334
2010-11-13,3.0,quarterly,JAN,0.2374641738408777,0.22383289543471985,8547.98,255384.54,237184.31,-0.2961202428773403
2010-11-13,3.0,quarterly,MAR,0.2514182131558106,0.23687592023195092,11169.55,275466.84,254570.9,-0.2883927731521124
2010-11-13,,buy & hold,—,0.1726216173249916,0.1726216173249916,0.0,179770.91,179770.91,-0.31279428614858584
2011-02-13,1.0,annual,APR,0.24111316771830105,0.23095206885561004,8501.85,260447.88,246482.19,-0.4135304088318038
2011-02-13,1.0,annual,AUG,0.23293364603024613,0.21503064025144092,19041.51,249145.45,226097.62,-0.4369287849449902
2011-02-13,1.0,annual,DEC,0.2996828993998245,0.2795541026550151,19122.16,357747.58,320809.09,-0.36707772284520257
2011-02-13,1.0,annual,FEB,0.2469461646034209,0.23323757808683643,12391.52,268820.2,249556.49,-0.38530645384163753
2011-02-13,1.0,annual,JAN,0.284636652096271,0.26672127418984315,23207.29,329764.89,299253.34,-0.3652472756444449
2011-02-13,1.0,annual,JUL,0.2523805257331212,0.23670317362984028,17063.17,276862.13,254291.75,-0.43693259386032746
2011-02-13,1.0,annual,JUN,0.21432480742984172,0.20713123912851905,6116.19,225234.36,216624.39,-0.4369091324370994
2011-02-13,1.0,annual,MAR,0.2405880298017885,0.23229644471272326,7615.97,259707.05,248285.91,-0.403673479085908
2011-02-13,1.0,annual,MAY,0.24613993565089987,0.23509640061432135,10479.57,267647.16,252085.21,-0.43694968115985355
2011-02-13,1.0,annual,NOV,0.31372286299551033,0.31259156634853114,296.0,385956.39,383604.9,-0.3853129952097293
2011-02-13,1.0,annual,OCT,0.2560178430118324,0.2351276425861185,25462.57,282378.34,252127.93,-0.4114952285262543
2011-02-13,1.0,annual,SEP,0.20237743424483645,0.17456439567208848,27403.85,211118.38,181642.66,-0.4368545111329697
2011-02-13,1.0,monthly,—,0.27317900770221726,0.2432527271498356,26631.68,309915.01,263488.15,-0.37677509055079095
2011-02-13,1.0,quarterly,FEB,0.2378158087356831,0.21079654501586542,27764.63,255831.04,220968.93,-0.3853255797738798
2011-02-13,1.0,quarterly,JAN,0.24391634994730815,0.22340781763172635,23297.64,264438.33,236601.93,-0.4140296367695906
2011-02-13,1.0,quarterly,MAR,0.22938945065560434,0.19196870739550198,33289.61,244402.2,199554.12,-0.40367347908590834
2011-02-13,2.0,annual,APR,0.26690368809591447,0.26166637370030654,3574.2,299549.45,291162.4,-0.2910853203128694
2011-02-13,2.0,annual,AUG,0.2564683239094606,0.24156873296991488,12714.49,283069.1,261092.27,-0.348136388139057
2011-02-13,2.0,annual,DEC,0.25953434969199873,0.25284600549409986,4786.0,287815.38,277562.02,-0.3008692273391659
2011-02-13,2.0,annual,FEB,0.2307566519063705,0.2201273913990197,9425.5,246221.1,232431.1,-0.2903367762635971
2011-02-13,2.0,annual,JAN,0.2622353163930605,0.25752107901458643,4956.43,292062.09,284689.94,-0.2898521885080435
2011-02-13,2.0,annual,JUL,0.2580173903968034,0.24034177605767526,15338.59,285457.27,259360.38,-0.348210391175624
2011-02-13,2.0,annual,JUN,0.2526137574406634,0.23758279615662514,11947.3,277212.59,255507.9,-0.3480208607686841
2011-02-13,2.0,annual,MAR,0.26856138364122784,0.26357203256160966,3834.91,302253.74,294186.78,-0.29047326459243505
2011-02-13,2.0,annual,MAY,0.2631028793937694,0.24808139947003516,12339.34,293439.32,270480.66,-0.3482973561968937
2011-02-13,2.0,annual,NOV,0.26800691590056924,0.26054167653859606,5010.11,301346.52,289391.97,-0.29024251755571884
2011-02-13,2.0,annual,OCT,0.24748045123257045,0.23810877310935064,5664.78,269600.4,256237.9,-0.34855874895088623
2011-02-13,2.0,annual,SEP,0.2418601742734502,0.2243413667725046,16163.97,261505.35,237802.6,-0.35402944171543504
2011-02-13,2.0,monthly,—,0.276038825532242,0.2529915370798935,21830.56,314755.98,277781.2,-0.3068404128128105
2011-02-13,2.0,quarterly,FEB,0.27270400290036056,0.25284833895769265,18428.79,309118.11,277565.53,-0.3041199004091737
2011-02-13,2.0,quarterly,JAN,0.25877865631667796,0.24424340834866676,10082.95,286638.25,264907.88,-0.3480032862497525
2011-02-13,2.0,quarterly,MAR,0.26712966277878103,0.24630138078859998,18673.87,299916.68,267881.64,-0.3133726794701863
2011-02-13,3.0,annual,APR,0.2596252762726251,0.2539092450570096,3824.72,287957.34,279167.32,-0.252701487364665
2011-02-13,3.0,annual,AUG,0.25103031310058344,0.23974382495082047,7838.92,274841.9,258520.53,-0.2994630954204025
2011-02-13,3.0,annual,DEC,0.2526091474358453,0.24128630540015938,10772.09,277205.66,260692.59,-0.2962742962603798
2011-02-13,3.0,annual,FEB,0.25476452175885156,0.24924455405403256,4915.13,280465.34,272192.57,-0.25887052108771513
2011-02-13,3.0,annual,JAN,0.2590329622310231,0.24959414246545186,10872.22,287033.84,272709.2,-0.2961157331984825
2011-02-13,3.0,annual,JUL,0.2702388494175888,0.258804052683428,8473.25,305014.92,286677.73,-0.2989815646178363
2011-02-13,3.0,annual,JUN,0.27045587908185975,0.2589463601014784,7641.87,305373.99,286899.06,-0.2990900692045544
2011-02-13,3.0,annual,MAR,0.25847513079670714,0.24940842738188718,5911.96,286166.8,272434.63,-0.30017055451315666
2011-02-13,3.0,annual,MAY,0.2856918284018656,0.2797863317989796,4012.35,331654.89,321213.0,-0.29042244603577905
2011-02-13,3.0,annual,NOV,0.26978729866077844,0.2626212756387548,4547.06,304269.2,292674.0,-0.27066660504985296
2011-02-13,3.0,annual,OCT,0.2649121426163107,0.2563006314037971,5688.41,296332.28,282811.77,-0.2879668180180289
2011-02-13,3.0,annual,SEP,0.2683829147214668,0.2582536591165624,7721.38,301961.43,285823.29,-0.28806389607607163
2011-02-13,3.0,monthly,—,0.25894220445392857,0.2418482885357479,12783.75,286892.6,261488.49,-0.2850730304412188
2011-02-13,3.0,quarterly,FEB,0.2537708095725787,0.2424492629969489,7896.73,278957.78,262342.3,-0.2950519905098692
2011-02-13,3.0,quarterly,JAN,0.249024380548985,0.2354827302145518,8682.86,271867.69,252613.98,-0.29612771934577
2011-02-13,3.0,quarterly,MAR,0.26274024296555,0.2488327915778189,10644.9,292862.86,271585.31,-0.2884003511776895
2011-02-13,,buy & hold,—,0.18479106676312573,0.18479106676312573,0.0,191957.81,191957.81,-0.3128011033591577
2011-05-13,1.0,annual,APR,0.23834253344277279,0.2140171837768704,26283.04,256364.84,224701.73,-0.4134040617879715
2011-05-13,1.0,annual,AUG,0.21456582887876607,0.19621403388500325,18432.92,225370.48,204058.78,-0.4368075298285484
2011-05-13,1.0,annual,DEC,0.2794835488004249,0.25954297370263524,18250.17,320400.64,287588.76,-0.3669735396970466
2011-05-13,1.0,annual,FEB,0.2262157352415869,0.21282762425313895,11705.26,240054.91,223258.64,-0.3853135800081593
2011-05-13,1.0,annual,JAN,0.26418951006387215,0.2465323095398052,22156.92,294923.26,268003.82,-0.3652540223047064
2011-05-13,1.0,annual,JUL,0.23401130022576255,0.21800584735379902,16533.95,250415.58,229609.65,-0.436811526958819
2011-05-13,1.0,annual,JUN,0.2093161488031653,0.20222247277759464,5882.75,219053.27,210801.09,-0.43678719602469374
2011-05-13,1.0,annual,MAR,0.22592707750183927,0.20249363064575487,25482.61,239679.65,211110.66,-0.403671860499928
2011-05-13,1.0,annual,MAY,0.23626128396771684,0.21027703796518848,28791.94,253488.6,220196.0,-0.4368287639185514
2011-05-13,1.0,annual,NOV,0.29329935820661135,0.2922337840820387,270.17,345279.48,343294.7,-0.3853195818206764
2011-05-13,1.0,annual,OCT,0.2365085784729496,0.21521431449828088,24484.54,253828.66,226163.52,-0.4114140596255279
2011-05-13,1.0,annual,SEP,0.18441696368986837,0.15529097511587409,26585.58,191453.13,163639.81,-0.43672914418278785
2011-05-13,1.0,monthly,—,0.25331577527144666,0.22373830214987123,25569.3,278043.05,236853.43,-0.37681230884376493
2011-05-13,1.0,quarterly,FEB,0.21865047677006755,0.19185773360092984,26754.73,230412.95,199308.07,-0.38533203359730195
2011-05-13,1.0,quarterly,JAN,0.22522047730523787,0.2048434247811285,22508.83,238763.57,213812.69,-0.41385518872294214
2011-05-13,1.0,quarterly,MAR,0.21016490523399034,0.17230273601655421,32057.6,220062.34,179336.47,-0.403671860499928
2011-05-13,2.0,annual,APR,0.25085884394383073,0.244532147924179,5268.87,274364.27,265113.37,-0.2910944354899583
2011-05-13,2.0,annual,AUG,0.23888392342357256,0.22409447341694644,12057.41,257118.38,237311.03,-0.34814747577468197
2011-05-13,2.0,annual,DEC,0.24527876366133217,0.23882372283647013,4457.97,266188.65,257034.48,-0.30087177127361786
2011-05-13,2.0,annual,FEB,0.2167541302751813,0.20643601938261058,8853.35,228057.9,215663.96,-0.2903474608295721
2011-05-13,2.0,annual,JAN,0.24816257868429903,0.24359928181277735,4634.13,270383.01,263775.96,-0.28986127922321303
2011-05-13,2.0,annual,JUL,0.2422381235229959,0.224872852559593,14403.47,261836.63,238314.19,-0.3482215725906256
2011-05-13,2.0,annual,JUN,0.23714489982441334,0.22244780064180814,11204.99,254705.77,235202.85,-0.34803239759885185
2011-05-13,2.0,annual,MAR,0.25350254062192723,0.2475313547008683,5386.16,278324.7,269459.32,-0.29048240293316296
2011-05-13,2.0,annual,MAY,0.24744144020558567,0.23207041926846472,12626.74,269328.0,247794.78,-0.348308283014117
2011-05-13,2.0,annual,NOV,0.2533979318131626,0.24619694324491903,4679.45,278166.91,267516.99,-0.2902513300156465
2011-05-13,2.0,annual,OCT,0.23298695807200553,0.22392683054285756,5305.42,249028.94,237095.54,-0.34857061000353673
2011-05-13,2.0,annual,SEP,0.2252148782839295,0.20751126178252866,15440.46,238756.33,216923.03,-0.354037639548057
2011-05-13,2.0,monthly,—,0.2613363409961641,0.2385879762108566,21037.52,290397.83,256706.19,-0.30685045741967654
2011-05-13,2.0,quarterly,FEB,0.2578878553946572,0.238407006810608,17594.49,285020.23,256454.46,-0.3041306719456396
2011-05-13,2.0,quarterly,JAN,0.24430133917039887,0.22960680853260873,10266.7,264781.84,244507.77,-0.3480150325151129
2011-05-13,2.0,quarterly,MAR,0.25229899993238114,0.23164541287165819,17806.91,276514.7,247224.57,-0.3133844565329411
2011-05-13,3.0,annual,APR,0.24509953235500326,0.23833645520517532,5346.97,265930.12,256356.39,-0.2527061552160422
2011-05-13,3.0,annual,AUG,0.23670122499001722,0.22582485867366298,7371.76,254093.88,239546.91,-0.2994676625118162
2011-05-13,3.0,annual,DEC,0.23858255240435222,0.22742124791944918,10215.09,256698.64,241628.46,-0.296281602069432
2011-05-13,3.0,annual,FEB,0.24105820498173103,0.23574954871158782,4614.9,260167.07,252786.37,-0.2588960238425374
2011-05-13,3.0,annual,JAN,0.24480217794959025,0.2355390352502601,10270.33,265501.77,252498.06,-0.2961229663524536
2011-05-13,3.0,annual,JUL,0.2548438228087727,0.24378404164328782,7912.13,280355.77,264040.31,-0.2989861621001364
2011-05-13,3.0,annual,JUN,0.25498128216791927,0.24394728214312889,7128.53,280564.76,264274.09,-0.299094974393999
2011-05-13,3.0,annual,MAR,0.24478864912733733,0.2351288864988773,6754.86,265482.3,251937.28,-0.3001733978778083
2011-05-13,3.0,annual,MAY,0.2699677816663625,0.26293606085749743,5846.23,304303.86,292926.59,-0.29042673571502686
2011-05-13,3.0,annual,NOV,0.25542072198025545,0.24858238127132581,4222.1,281233.89,270999.07,-0.27067330074814666
2011-05-13,3.0,annual,OCT,0.2507791209970901,0.24246255025466035,5340.6,274245.72,262155.4,-0.2879748394567786
2011-05-13,3.0,annual,SEP,0.25447078278134583,0.24462240200922325,7288.99,279789.41,265243.13,-0.2880717430655325
2011-05-13,3.0,monthly,—,0.2451352390493774,0.22812979932189859,12603.44,265981.61,242558.17,-0.2850818361900681
2011-05-13,3.0,quarterly,FEB,0.2399701855630162,0.2288386278607516,7656.59,258636.99,243491.84,-0.29506201452230774
2011-05-13,3.0,quarterly,JAN,0.23525596397617365,0.22167154497467323,8732.35,252110.89,234215.59,-0.2961352183453523
2011-05-13,3.0,quarterly,MAR,0.24879915737604608,0.23487786900770435,10577.15,271317.74,251594.69,-0.2884078714206565
2011-05-13,,buy & hold,—,0.17730509795320526,0.17730509795320526,0.0,184241.48,184241.48,-0.3128079946243226
2011-08-13,1.0,annual,APR,0.2661144922005755,0.2445326781935132,25330.29,298121.51,265202.43,-0.41323840896876085
2011-08-13,1.0,annual,AUG,0.24292062308809326,0.22532874506530332,18124.07,262894.34,238978.57,-0.43664809488175893
2011-08-13,1.0,annual,DEC,0.3059049532198571,0.28614993316512594,17344.48,369776.89,332299.86,-0.366840792366516
2011-08-13,1.0,annual,FEB,0.2519637729491172,0.2390288335044196,10988.46,276106.6,257404.71,-0.38532170610081384
2011-08-13,1.0,annual,JAN,0.2902883522721268,0.2730720795614622,21067.11,339827.79,309576.61,-0.36526165383270215
2011-08-13,1.0,annual,JUL,0.26234805156235363,0.24662016308878532,16351.95,292096.88,268221.35,-0.4366522645286345
2011-08-13,1.0,annual,JUN,0.24233384952534764,0.2233079819227083,21605.81,262059.21,236375.28,-0.43662733608418636
2011-08-13,1.0,annual,MAR,0.25298070549248897,0.2325121841283596,24401.13,277633.22,248468.55,-0.40366980260057883
2011-08-13,1.0,annual,MAY,0.2635942210187251,0.24045543675600023,27668.49,294076.69,259403.58,-0.43666912495820587
2011-08-13,1.0,annual,NOV,0.31953133268760625,0.3185706455215166,234.45,398013.49,395955.48,-0.3853270079688308
2011-08-13,1.0,annual,OCT,0.26360301575677025,0.24369316859071077,23470.33,294090.71,263997.93,-0.4113135123795172
2011-08-13,1.0,annual,SEP,0.21330862284251595,0.18714232004716902,25717.05,223908.29,194345.48,-0.4365655435763097
2011-08-13,1.0,monthly,—,0.2800370890950167,0.2510591609658829,24462.76,321480.43,274755.63,-0.37686500299111336
2011-08-13,1.0,quarterly,FEB,0.246131643887728,0.21986252173751197,25701.53,267511.79,232002.35,-0.38533925050329465
2011-08-13,1.0,quarterly,JAN,0.25320607660631833,0.23332740635416915,21681.95,277972.68,249569.19,-0.4136278516415961
2011-08-13,1.0,quarterly,MAR,0.2375965843380573,0.20041664569576845,30777.55,255413.46,208810.98,-0.40366980260057883
2011-08-13,2.0,annual,APR,0.2766619090431405,0.27103358702579794,4884.67,315656.45,306175.94,-0.29110477122581
2011-08-13,2.0,annual,AUG,0.25590328473013246,0.23909684824343047,15273.49,282067.59,257499.66,-0.3481602022233907
2011-08-13,2.0,annual,DEC,0.27165294707615606,0.26553088951180503,4123.08,307205.24,297179.99,-0.3008746550539164
2011-08-13,2.0,annual,FEB,0.24346399296241483,0.23379297483061945,8263.93,263670.06,250199.96,-0.29035948109243903
2011-08-13,2.0,annual,JAN,0.274593740777073,0.27049560937527517,4319.36,312139.46,305284.66,-0.2898715138103042
2011-08-13,2.0,annual,JUL,0.2676170629756237,0.25048383236969507,14126.28,300559.23,273899.85,-0.3482344130528229
2011-08-13,2.0,annual,JUN,0.26267042852689515,0.24810556801254757,11045.89,292607.77,270390.43,-0.34804588647048185
2011-08-13,2.0,annual,MAR,0.2794585375200821,0.27406317934517144,5004.13,320474.63,311243.49,-0.29049272581798924
2011-08-13,2.0,annual,MAY,0.273122192772176,0.25847013292013143,11771.44,309660.68,286020.37,-0.34832075636550874
2011-08-13,2.0,annual,NOV,0.27956250903162816,0.2726937238287338,4347.89,320655.16,308942.61,-0.2902612669892093
2011-08-13,2.0,annual,OCT,0.2591950516665281,0.2505000955447222,4933.76,287146.65,273924.01,-0.34858411456806193
2011-08-13,2.0,annual,SEP,0.2391624886012479,0.22247589086287667,14665.64,257591.32,235311.65,-0.35404716951166426
2011-08-13,2.0,monthly,—,0.28727884634119494,0.2652126712284416,19979.3,334336.93,296667.85,-0.30686190519001333
2011-08-13,2.0,quarterly,FEB,0.2837556052982445,0.2648962430730525,16662.94,328019.85,296159.47,-0.30414292325959846
2011-08-13,2.0,quarterly,JAN,0.27007375729860617,0.2562272111547078,9541.04,304587.57,282563.4,-0.3480284628049434
2011-08-13,2.0,quarterly,MAR,0.2781765347494979,0.2581384617643462,16844.42,318256.97,285506.53,-0.3133979048841643
2011-08-13,3.0,annual,APR,0.2634923678811437,0.2573118778940474,4997.84,293914.37,284229.95,-0.2527114678667962
2011-08-13,3.0,annual,AUG,0.25688597080765974,0.24227319527884494,12961.73,283574.4,261973.04,-0.2994728572526869
2011-08-13,3.0,annual,DEC,0.2570565705051423,0.24656576055124801,9632.89,283836.8,268142.24,-0.29628983976865175
2011-08-13,3.0,annual,FEB,0.25958492251797705,0.25470749756901434,4301.59,287754.2,280244.78,-0.25892724546197077
2011-08-13,3.0,annual,JAN,0.2627295362562846,0.2542605025392025,9643.82,292701.54,279566.41,-0.2961311483701303
2011-08-13,3.0,annual,JUL,0.2717078448459199,0.26013466222171344,8820.38,307296.64,288613.05,-0.29899151167611593
2011-08-13,3.0,annual,JUN,0.2718543826548495,0.2606471556721276,7723.57,307540.74,289416.01,-0.2991006067200376
2011-08-13,3.0,annual,MAR,0.26329917871957254,0.25419469229039693,6336.13,293606.75,279466.68,-0.3001766446130827
2011-08-13,3.0,annual,MAY,0.2869586824409215,0.2804591146702481,5431.06,333757.96,322216.08,-0.29043163237445413
2011-08-13,3.0,annual,NOV,0.27378777636316165,0.26733501641908697,3894.09,310779.41,300100.14,-0.2706809093748276
2011-08-13,3.0,annual,OCT,0.26926238619843035,0.2613348711706732,4970.35,303251.24,290497.0,-0.2879840965318481
2011-08-13,3.0,annual,SEP,0.27294521062993404,0.263493517344756,6829.59,309363.88,293916.21,-0.2880807863721996
2011-08-13,3.0,monthly,—,0.26502651026318647,0.2452335377300191,16991.54,296368.66,266212.2,-0.28509188773610183
2011-08-13,3.0,quarterly,FEB,0.2601593333589852,0.24536257847730092,13340.14,288651.66,266398.54,-0.29507334026297616
2011-08-13,3.0,quarterly,JAN,0.2530256210949896,0.24015131926336541,8239.16,277700.84,258976.17,-0.2961438466895344
2011-08-13,3.0,quarterly,MAR,0.2669204945931344,0.253456911761197,10147.22,299426.69,278350.99,-0.28841650006529074
2011-08-13,,buy & hold,—,0.19684366058358005,0.19684366058358005,0.0,204812.69,204812.69,-0.3128152441609101
2011-11-13,1.0,annual,APR,0.2612657491432476,0.24037850301952945,24203.42,290331.62,259248.54,-0.41297983056236687
2011-11-13,1.0,annual,AUG,0.23872947104619657,0.22158987087993298,17336.43,256941.08,234145.08,-0.43639819990542983
2011-11-13,1.0,annual,DEC,0.29937737354062965,0.280048268633729,16279.74,356876.98,321433.29,-0.3666445531919672
2011-11-13,1.0,annual,FEB,0.24457800463238433,0.23223970094029223,10127.48,265218.93,248058.3,-0.38533220119198475
2011-11-13,1.0,annual,JAN,0.2833760381708009,0.26674881731432165,19791.1,327277.83,299088.87,-0.3652714140354194
2011-11-13,1.0,annual,JUL,0.25818335171656714,0.24287508106472766,15637.63,285521.0,262781.49,-0.4364024791025295
2011-11-13,1.0,annual,JUN,0.23804817402565293,0.2194060081543131,20664.18,255993.77,231390.6,-0.43637779669414445
2011-11-13,1.0,annual,MAR,0.2472234956166396,0.22749926085633898,23124.79,269050.4,241765.37,-0.4036657718535114
2011-11-13,1.0,annual,MAY,0.25820246422127735,0.23568171341987776,26340.12,285550.58,252730.45,-0.43641745689503086
2011-11-13,1.0,annual,NOV,0.3152785282910914,0.29121740145589803,46135.15,388892.11,341467.47,-0.38533646805885036
2011-11-13,1.0,annual,OCT,0.2579170562220702,0.23823519660288872,22510.57,285109.14,256253.47,-0.4111720432850384
2011-11-13,1.0,annual,SEP,0.20962880414772533,0.1836851901310862,25055.44,219454.46,190721.9,-0.43631166919472597
2011-11-13,1.0,monthly,—,0.2764358061108966,0.23751005705025408,38522.0,315205.49,255248.03,-0.37695506720078875
2011-11-13,1.0,quarterly,FEB,0.2434133665970385,0.2103271099662013,33602.76,263549.52,220285.92,-0.3853483539029542
2011-11-13,1.0,quarterly,JAN,0.24859448926601646,0.22930897294040353,20695.32,271057.72,244148.6,-0.4132762726371574
2011-11-13,1.0,quarterly,MAR,0.2322578136670682,0.1959415620870425,29279.19,248082.66,203785.02,-0.4036657718535106
2011-11-13,2.0,annual,APR,0.28242893222469967,0.2773804908171823,4514.29,325603.83,316822.49,-0.29111618503950465
2011-11-13,2.0,annual,AUG,0.2617243771729304,0.2457538923958006,14308.61,291054.25,266915.19,-0.34817506514788443
2011-11-13,2.0,annual,DEC,0.2784476765431928,0.27268514101089847,3806.39,318659.04,308865.75,-0.30087792207573794
2011-11-13,2.0,annual,FEB,0.25057166701186906,0.24145938346589368,7667.5,273978.93,260772.24,-0.29037289127984733
2011-11-13,2.0,annual,JAN,0.28169584394386604,0.27799590431156596,3997.55,324313.92,317880.29,-0.28988303074542654
2011-11-13,2.0,annual,JUL,0.27299489429104373,0.2564764996055232,13121.0,309384.5,282891.37,-0.3482488118324689
2011-11-13,2.0,annual,JUN,0.2681740190680494,0.2542718946959851,10225.33,301407.75,279530.55,-0.34806104455308895
2011-11-13,2.0,annual,MAR,0.28565716019227205,0.28074903930758366,4628.77,331344.64,322655.42,-0.29050419660594917
2011-11-13,2.0,annual,MAY,0.2789196039442564,0.2649300875860344,10928.48,319474.54,296155.4,-0.3483347388622485
2011-11-13,2.0,annual,NOV,0.2857872823325537,0.2784929090461977,5398.58,331578.12,318737.11,-0.29027238784944764
2011-11-13,2.0,annual,OCT,0.265185548765016,0.2565436426739266,5084.74,296565.71,282994.35,-0.34859937593172174
2011-11-13,2.0,annual,SEP,0.24687688524243,0.2298046591250783,15118.59,268545.27,244805.48,-0.3540590674770343
2011-11-13,2.0,monthly,—,0.29275699141095834,0.27118190376875806,19209.64,344323.88,306360.42,-0.3068749077867565
2011-11-13,2.0,quarterly,FEB,0.28934821724038773,0.2707053792182751,16418.56,338030.93,305570.45,-0.3041568395778327
2011-11-13,2.0,quarterly,JAN,0.2754813947843072,0.2624214826146315,8905.59,313580.13,292156.05,-0.3480437315437902
2011-11-13,2.0,quarterly,MAR,0.2837159889539561,0.2644325811223428,15749.49,327880.76,295357.95,-0.31341318773742977
2011-11-13,3.0,annual,APR,0.2694815990126397,0.26385291656700816,4634.47,303550.93,294431.5,-0.2527174694848897
2011-11-13,3.0,annual,AUG,0.2630208568160953,0.24939645693282164,12145.6,293106.7,272238.83,-0.29947871615274324
2011-11-13,3.0,annual,DEC,0.26319538611899984,0.2531718040255878,9030.69,293384.09,277868.42,-0.296299108483113
2011-11-13,3.0,annual,FEB,0.2661020593307414,0.26166110852526303,3981.96,298042.41,290954.45,-0.25896576349967704
2011-11-13,3.0,annual,JAN,0.2686591322404873,0.26081881939265184,8994.0,302201.11,289629.14,-0.29614039431165584
2011-11-13,3.0,annual,JUL,0.2762014978112829,0.2652649483924795,8134.44,314805.69,296693.35,-0.29899762991480694
2011-11-13,3.0,annual,JUN,0.276529373387259,0.26598108255455577,7122.53,315365.28,297847.07,-0.2991069544680104
2011-11-13,3.0,annual,MAR,0.2696713448324001,0.2611042200577943,5890.82,303863.19,290077.54,-0.30018035652838604
2011-11-13,3.0,annual,MAY,0.29168777632847875,0.28563089619530724,5023.03,342337.68,331297.53,-0.29043716405550557
2011-11-13,3.0,annual,NOV,0.27840504777493547,0.26737067315951213,11821.48,318585.47,300098.48,-0.2706895060144716
2011-11-13,3.0,annual,OCT,0.27501932192168754,0.26366817021406297,10839.86,312796.21,294136.83,-0.2879949082533044
2011-11-13,3.0,annual,SEP,0.27853283452303745,0.26535382258473994,13130.38,318806.04,296836.29,-0.2880913836283858
2011-11-13,3.0,monthly,—,0.2712630853276251,0.2520695447896705,16592.21,306495.21,276212.89,-0.28510323110148994
2011-11-13,3.0,quarterly,FEB,0.26664420490280893,0.25238381775458973,13173.7,298919.36,276683.91,-0.2950861048003057
2011-11-13,3.0,quarterly,JAN,0.2590826631780544,0.2438019665748875,12162.81,286916.28,264105.38,-0.29615366656751196
2011-11-13,3.0,quarterly,MAR,0.27305873022281146,0.25640661853405866,15375.89,309491.52,282784.22,-0.2884262543940087
2011-11-13,,buy & hold,—,0.20260608746655995,0.20260608746655995,0.0,211267.49,211267.49,-0.31282436305498695
2012-02-13,1.0,annual,APR,0.2774398676321198,0.25827068657459507,23233.11,316863.0,285603.99,-0.4126506475733914
2012-02-13,1.0,annual,AUG,0.25550469499568373,0.23862864747476642,16687.7,281353.97,256756.68,-0.4360782845483122
2012-02-13,1.0,annual,DEC,0.3140227447996432,0.29493350811642405,15356.49,386181.99,348331.26,-0.3664206195035328
2012-02-13,1.0,annual,FEB,0.25832116261547144,0.2464905730614947,9396.14,285682.13,267936.25,-0.3853426352909497
2012-02-13,1.0,annual,JAN,0.29761939962240314,0.28148990918420524,18696.47,353427.97,323888.97,-0.3652810117105336
2012-02-13,1.0,annual,JUL,0.2749954865271641,0.25992999156342445,15042.75,312695.67,288184.15,-0.4360824504215213
2012-02-13,1.0,annual,JUN,0.2547349128143165,0.23770867575960797,19866.03,280182.43,255479.39,-0.4360600118179153
2012-02-13,1.0,annual,MAR,0.2625275656438534,0.24466874487351709,22023.66,292269.93,265303.04,-0.4036549973496577
2012-02-13,1.0,annual,MAY,0.2738612141436797,0.25305528866989946,25189.37,310780.36,277643.03,-0.4360927347928226
2012-02-13,1.0,annual,NOV,0.28379557158550506,0.2568727775505436,43939.26,327957.35,283448.13,-0.38534572988400884
2012-02-13,1.0,annual,OCT,0.2732967882561034,0.2540842791445431,21448.96,309831.62,279196.01,-0.4110249920290153
2012-02-13,1.0,annual,SEP,0.22688871149225964,0.20120627641233224,24146.64,240927.02,209641.88,-0.43599033241418017
2012-02-13,1.0,monthly,—,0.2708119302803168,0.23303735578910045,37359.36,305688.83,249091.4,-0.3770781995595336
2012-02-13,1.0,quarterly,FEB,0.21570758072616558,0.18243227988478738,32186.59,226764.48,189409.78,-0.3853571701473314
2012-02-13,1.0,quarterly,JAN,0.26498060339929597,0.24616277837906708,19883.4,296181.2,267460.55,-0.4128352774694434
2012-02-13,1.0,quarterly,MAR,0.24795409700631066,0.21228773965896852,27977.12,270070.48,222602.89,-0.4036549973496577
2012-02-13,2.0,annual,APR,0.272858378671316,0.2682950682894868,4177.74,309096.67,301548.65,-0.29112830211494856
2012-02-13,2.0,annual,AUG,0.25211879077980537,0.2367878926261292,13396.47,276237.13,254207.36,-0.34819100603756536
2012-02-13,2.0,annual,DEC,0.2688766503129859,0.26291665885235116,4477.58,302500.37,292886.88,-0.30088136705139057
2012-02-13,2.0,annual,FEB,0.24075744948760558,0.2321204098766313,7180.88,259736.88,247856.43,-0.29038691307547404
2012-02-13,2.0,annual,JAN,0.2710548165532164,0.2672413589935355,4543.9,306091.34,299831.89,-0.2898950572191603
2012-02-13,2.0,annual,JUL,0.2631176750318246,0.24720677759802323,12178.59,293206.12,268978.57,-0.348264318316583
2012-02-13,2.0,annual,JUN,0.25852571538550106,0.2452644098749589,9462.88,285999.05,266161.13,-0.3480773635318999
2012-02-13,2.0,annual,MAR,0.2755061252750911,0.2710246634469845,4282.86,313561.73,306041.34,-0.29051630916969995
2012-02-13,2.0,annual,MAY,0.2687646082568088,0.25540792292074765,10137.94,302316.79,281206.42,-0.34834973936666924
2012-02-13,2.0,annual,NOV,0.2777787065845029,0.2709002050802537,5026.18,317444.99,305835.05,-0.2902841252228766
2012-02-13,2.0,annual,OCT,0.25619082302768426,0.2479725705889516,4700.37,282402.31,270097.53,-0.34861574232554005
2012-02-13,2.0,annual,SEP,0.2374672165562005,0.22097448842740375,14172.98,255145.21,233328.06,-0.35407189760091085
2012-02-13,2.0,monthly,—,0.28367362150596775,0.2617641557757492,19904.66,327740.91,291063.21,-0.3068886840763798
2012-02-13,2.0,quarterly,FEB,0.28090723328937883,0.261843451597194,17184.29,322868.75,291188.32,-0.3041716524574104
2012-02-13,2.0,quarterly,JAN,0.26590337296479494,0.25312082664336166,9014.76,297665.93,277741.68,-0.3480599611979429
2012-02-13,2.0,quarterly,MAR,0.2741898327786133,0.25561537635192166,14768.91,311334.06,281522.82,-0.3134294139884778
2012-02-13,3.0,annual,APR,0.25375066778263033,0.24851699844039843,4305.27,278691.57,270895.87,-0.2527237402723803
2012-02-13,3.0,annual,AUG,0.2481357760092363,0.23496400357565983,11389.16,270336.61,251706.43,-0.299484985645176
2012-02-13,3.0,annual,DEC,0.2502686794970369,0.23831112541365507,11846.26,273480.52,256315.11,-0.29630887378628523
2012-02-13,3.0,annual,FEB,0.2480699573776669,0.23906320578846596,10681.6,270240.17,257362.24,-0.25901110092019675
2012-02-13,3.0,annual,JAN,0.25292221383750946,0.2427169145140341,12606.93,277442.82,262510.63,-0.29615016424792073
2012-02-13,3.0,annual,JUL,0.25873830901390205,0.24836881672908395,7491.05,286328.79,270678.35,-0.29900425260887253
2012-02-13,3.0,annual,JUN,0.25947243555532185,0.24950655532700072,6556.2,287470.36,272352.97,-0.2991138138494194
2012-02-13,3.0,annual,MAR,0.2535560827735205,0.24539302564170862,5506.19,278397.76,266346.78,-0.3001842476450217
2012-02-13,3.0,annual,MAY,0.2741455212257041,0.2684305295225252,4645.63,311259.34,301770.06,-0.2904431310712171
2012-02-13,3.0,annual,NOV,0.2641629784538061,0.2535054670940867,11117.65,294871.78,278321.39,-0.2706986959635129
2012-02-13,3.0,annual,OCT,0.2600121241664469,0.24910476951558447,10158.85,288312.47,271760.41,-0.2880064828482912
2012-02-13,3.0,annual,SEP,0.263296546607808,0.25057290935130594,12318.07,293490.48,273931.92,-0.28810284134359776
2012-02-13,3.0,monthly,—,0.25693632662414345,0.23739337799100768,17416.99,283545.79,255043.1,-0.28511523744440126
2012-02-13,3.0,quarterly,FEB,0.2530122614739042,0.23788859840438248,14345.89,277578.28,255728.69,-0.2950996357667046
2012-02-13,3.0,quarterly,JAN,0.24435945336140874,0.2288559334474044,12790.51,264858.57,243509.47,-0.2961640306720532
2012-02-13,3.0,quarterly,MAR,0.25850261194325264,0.24183433237926344,15181.22,285963.24,261257.63,-0.28843658967132346
2012-02-13,,buy & hold,—,0.17534975912703488,0.17534975912703488,0.0,182306.11,182306.11,-0.3128337432147371
2012-05-13,1.0,annual,APR,0.2472263552821502,0.22788156519993896,23300.32,268952.12,242181.27,-0.41217770101200757
2012-05-13,1.0,annual,AUG,0.2259265629648749,0.20908297777155116,16101.81,239629.24,218735.36,-0.43561629606305596
2012-05-13,1.0,annual,DEC,0.28218101276754737,0.26331842032518715,14516.13,325027.36,293461.37,-0.36617029362151554
2012-05-13,1.0,annual,FEB,0.22574391518064318,0.2143315179123414,8739.97,239392.21,225040.67,-0.385353429700112
2012-05-13,1.0,annual,JAN,0.2654499277744299,0.2497078666979512,17678.96,296870.25,272594.06,-0.36529083161128895
2012-05-13,1.0,annual,JUL,0.24542524255413334,0.2304248082119228,14545.57,266339.23,245542.13,-0.4356198946833908
2012-05-13,1.0,annual,JUN,0.22507116823428552,0.20679456121908701,19151.21,238521.16,216042.49,-0.43560415846300515
2012-05-13,1.0,annual,MAR,0.2317628715304515,0.21323762519057265,21794.96,247329.14,223711.53,-0.40360964836772417
2012-05-13,1.0,annual,MAY,0.2431425381757476,0.2214622481028855,24655.27,263064.13,233902.67,-0.4356164443424667
2012-05-13,1.0,annual,NOV,0.25474159693421117,0.2248461531873579,41909.95,280133.56,238230.53,-0.38535516462754216
2012-05-13,1.0,annual,OCT,0.24232752643508226,0.22342052098273346,20483.21,261904.58,236397.46,-0.410893300389957
2012-05-13,1.0,annual,SEP,0.19776424636804524,0.17206728591902432,23323.29,205740.42,179081.72,-0.43553079467804057
2012-05-13,1.0,monthly,—,0.23979717817864954,0.2025077247988193,35792.38,258337.05,211088.14,-0.3772337252090153
2012-05-13,1.0,quarterly,FEB,0.18538559739370652,0.15245205483152902,30888.63,192425.67,161140.71,-0.3853660851571502
2012-05-13,1.0,quarterly,JAN,0.23499837164373216,0.2164250317663231,19119.11,251704.39,227606.72,-0.412218398292315
2012-05-13,1.0,quarterly,MAR,0.21757367565414343,0.18235320372329678,26838.98,229027.17,189300.37,-0.40360964836772417
2012-05-13,2.0,annual,APR,0.24272086507038504,0.2375584568214878,4997.3,262463.56,255221.28,-0.2911387164155844
2012-05-13,2.0,annual,AUG,0.22203584428632805,0.20694653461772183,12734.96,234630.66,216220.27,-0.3482048816831982
2012-05-13,2.0,annual,DEC,0.23908380402901408,0.23325306448925442,4271.7,257340.08,249334.71,-0.30088435448898465
2012-05-13,2.0,annual,FEB,0.21130061620166185,0.20292434212353483,6789.76,221377.4,211564.53,-0.29039919220148847
2012-05-13,2.0,annual,JAN,0.2413193134112267,0.23753618523685793,4337.81,260477.23,255190.47,-0.2899054566319904
2012-05-13,2.0,annual,JUL,0.2326746943991994,0.2170621663676181,11487.25,248554.38,228393.52,-0.3482778777204246
2012-05-13,2.0,annual,JUN,0.22824233280186712,0.215306312907814,8917.08,242655.19,226231.84,-0.3480915736950311
2012-05-13,2.0,annual,MAR,0.245386188870801,0.24086178591300478,4296.36,266282.86,259832.07,-0.29052683492084774
2012-05-13,2.0,annual,MAY,0.23844409079251727,0.22522287023172616,9819.5,256449.34,238717.3,-0.3483628472368918
2012-05-13,2.0,annual,NOV,0.24769894981613827,0.24096775840315188,4782.85,269641.95,259981.36,-0.2902942614148537
2012-05-13,2.0,annual,OCT,0.2262702720071338,0.2182273697897369,4452.31,240075.95,229839.54,-0.3486299361721936
2012-05-13,2.0,annual,SEP,0.20750315098152428,0.19126668598100272,13485.74,216872.7,198638.21,-0.35408298511226166
2012-05-13,2.0,monthly,—,0.2535284384046129,0.2318507257192276,19123.44,278297.69,247446.93,-0.30690077500182
2012-05-13,2.0,quarterly,FEB,0.25069794202872,0.23188345520615006,16363.84,274060.82,247490.83,-0.3041846476056588
2012-05-13,2.0,quarterly,JAN,0.2357378292083826,0.22313526813299955,8706.72,252715.19,236032.39,-0.34807406201267055
2012-05-13,2.0,quarterly,MAR,0.2438057021440928,0.22515537738281177,14670.47,264011.43,238630.01,-0.31344362504049184
2012-05-13,3.0,annual,APR,0.22394037125423083,0.2135828899420028,10576.43,237064.23,224130.19,-0.2527294289334193
2012-05-13,3.0,annual,AUG,0.21727934833908658,0.20406517587304507,10840.54,228662.35,212874.63,-0.29949047675734786
2012-05-13,3.0,annual,DEC,0.2193367240508689,0.2074789105704703,11325.49,231224.85,216844.25,-0.29631737267574065
2012-05-13,3.0,annual,FEB,0.21753081896277926,0.2080068132213594,10205.7,228974.01,217464.78,-0.2590620830258066
2012-05-13,3.0,annual,JAN,0.2216488824900834,0.21123556165505175,12003.28,234139.29,221299.44,-0.29615873224472933
2012-05-13,3.0,annual,JUL,0.21939115621011307,0.20929996030853848,7029.83,231293.04,218992.45,-0.2990101229414721
2012-05-13,3.0,annual,JUN,0.22050184390291305,0.21080771007576293,6157.06,232688.86,220787.39,-0.29911986759455167
2012-05-13,3.0,annual,MAR,0.22194482177582786,0.20875732977272798,11468.7,234514.98,218350.09,-0.30018784915488184
2012-05-13,3.0,annual,MAY,0.2404811544640989,0.23072988529188054,9998.98,259296.56,245948.42,-0.2904484148071196
2012-05-13,3.0,annual,NOV,0.23301023355134387,0.22207762771442952,10610.37,249006.79,234683.78,-0.2707067750986739
2012-05-13,3.0,annual,OCT,0.2287704642168623,0.21781767067457058,9669.52,243350.64,229330.05,-0.28801663542551703
2012-05-13,3.0,annual,SEP,0.23203574353840672,0.21922741298041049,11729.2,247695.17,231087.97,-0.28811285399024533
2012-05-13,3.0,monthly,—,0.2265416503188734,0.2068026759354481,17138.33,240429.24,216051.97,-0.2851257833323997
2012-05-13,3.0,quarterly,FEB,0.22267205123914613,0.20728689803701894,14059.98,235440.78,216618.99,-0.2951114964015158
2012-05-13,3.0,quarterly,JAN,0.21335613437279022,0.19797332678084223,12218.78,223855.14,205973.2,-0.29617303366271164
2012-05-13,3.0,quarterly,MAR,0.22759544655789232,0.21060018570185945,15158.62,241806.07,220539.45,-0.2884456575218943
2012-05-13,,buy & hold,—,0.14334147113435247,0.14334147113435247,0.0,153451.74,153451.74,-0.31284305583019667
2012-08-13,1.0,annual,APR,0.2704248987743919,0.25148304867368043,22271.66,304916.38,275175.74,-0.4110047314619474
2012-08-13,1.0,annual,AUG,0.25000433202606065,0.23324788768143645,15432.43,272979.38,249282.41,-0.4344902456145844
2012-08-13,1.0,annual,DEC,0.3038324693053357,0.2852910129553702,13603.46,365322.88,330472.08,-0.36596677472421524
2012-08-13,1.0,annual,FEB,0.24641307848556526,0.23556662111260762,8020.13,267717.82,252434.48,-0.3853665060568461
2012-08-13,1.0,annual,JAN,0.2866499626245639,0.27145552194938916,16573.18,332911.15,306623.16,-0.3653025813209895
2012-08-13,1.0,annual,JUL,0.26951861543296174,0.2545906761199873,13971.15,303423.3,279849.15,-0.4344902456145844
2012-08-13,1.0,annual,JUN,0.248970903758147,0.23067632404870342,18758.68,271454.8,245832.84,-0.4344902456145844
2012-08-13,1.0,annual,MAR,0.25497855590561647,0.23686608949308396,20792.23,280437.99,254218.42,-0.4031988107878681
2012-08-13,1.0,annual,MAY,0.26621967567794436,0.24485399431013477,23529.35,298049.37,265465.26,-0.4344902456145844
2012-08-13,1.0,annual,NOV,0.2680736896355199,0.241871411831038,39739.56,301057.81,261208.71,-0.38536639867634104
2012-08-13,1.0,annual,OCT,0.26486384611480596,0.2464524796641402,19436.27,295868.23,267774.99,-0.41092906189876244
2012-08-13,1.0,annual,SEP,0.22246468823296184,0.197019837225357,22427.44,235135.61,204882.19,-0.4344392494399246
2012-08-13,1.0,monthly,—,0.2627419404952015,0.22611721976527555,34204.32,292486.47,239834.64,-0.3773600260666776
2012-08-13,1.0,quarterly,FEB,0.20904073813654256,0.1767615243252193,29524.32,218649.63,183647.63,-0.38537622311586095
2012-08-13,1.0,quarterly,JAN,0.25845474235076404,0.2402095824398761,18248.23,285770.59,258866.75,-0.4110047314619474
2012-08-13,1.0,quarterly,MAR,0.2412219581819809,0.20662439591116277,25684.87,260290.94,215808.74,-0.403198810787868
2012-08-13,2.0,annual,APR,0.2610138786450079,0.2561426905061325,4719.84,289760.79,282212.69,-0.29115044330585216
2012-08-13,2.0,annual,AUG,0.24046321797334047,0.22503120209544136,12970.15,259222.83,238427.67,-0.3482207215539559
2012-08-13,2.0,annual,DEC,0.25796835305243715,0.2522817196065871,4053.79,285018.42,276369.34,-0.3008877454345945
2012-08-13,2.0,annual,FEB,0.23019889738594068,0.22214703433842298,6371.94,245197.71,234731.36,-0.29041310822851973
2012-08-13,2.0,annual,JAN,0.2600189891866621,0.256447321416554,4108.82,288203.02,282678.94,-0.28991719048893494
2012-08-13,2.0,annual,JUL,0.2505726777187084,0.23525637960322043,10914.61,273821.47,252010.43,-0.3482934213735366
2012-08-13,2.0,annual,JUN,0.24630868597501177,0.23358220463817914,8640.76,267566.4,249734.43,-0.34810780573858946
2012-08-13,2.0,annual,MAR,0.26363008643348607,0.2592862197717446,4033.29,293897.24,287061.0,-0.29053880154748335
2012-08-13,2.0,annual,MAY,0.2565136675424201,0.24371276987181234,9208.16,282780.58,263828.44,-0.34837789292131793
2012-08-13,2.0,annual,NOV,0.26653898945643684,0.2599915347515932,4518.44,298565.37,288160.15,-0.29030570860719573
2012-08-13,2.0,annual,OCT,0.24506106935790328,0.23725203125836158,4184.87,265763.35,254750.68,-0.3486461102330207
2012-08-13,2.0,annual,SEP,0.22623046246971457,0.21037354621588922,12768.23,239981.83,220232.81,-0.3540956205495197
2012-08-13,2.0,monthly,—,0.2718024387134105,0.25039894254212414,18677.1,307199.8,273563.78,-0.30691455501734577
2012-08-13,2.0,quarterly,FEB,0.2687787576660735,0.25044728389437576,15730.12,302209.78,273635.46,-0.30419949102869615
2012-08-13,2.0,quarterly,JAN,0.25415149057618314,0.24196403364003005,8393.66,279183.91,261339.86,-0.3480901653807007
2012-08-13,2.0,quarterly,MAR,0.2619895996478955,0.2439007491779689,13862.1,291296.68,264097.36,-0.3134598633840453
2012-08-13,3.0,annual,APR,0.23723788188930406,0.2277249959286275,10016.37,254731.15,241932.92,-0.2784579350692077
2012-08-13,3.0,annual,AUG,0.23099400968613726,0.2171103974419738,11564.44,246256.39,228414.48,-0.29949680500061104
2012-08-13,3.0,annual,DEC,0.23278860830634407,0.22119241404641,10767.43,248662.78,233520.69,-0.29632711353027275
2012-08-13,3.0,annual,FEB,0.23108790984238559,0.22239608970806757,9686.28,246381.72,235048.25,-0.29011944581836524
2012-08-13,3.0,annual,JAN,0.234452105412167,0.2246935158038107,11352.09,250914.46,237991.88,-0.29616861059180444
2012-08-13,3.0,annual,JUL,0.23342113510099194,0.22184925192040927,8830.48,249516.55,234353.03,-0.3113227994706541
2012-08-13,3.0,annual,JUN,0.23752232153618913,0.2252991649824675,9505.99,255124.11,238774.05,-0.2991269288979348
2012-08-13,3.0,annual,MAR,0.2352529053162321,0.2229522854222975,10845.02,252005.69,235757.51,-0.3001920627499942
2012-08-13,3.0,annual,MAY,0.2522490729077148,0.24316093902803682,9395.26,276320.45,263040.6,-0.29045460899616327
2012-08-13,3.0,annual,NOV,0.2465819703440043,0.2362060347834961,10064.37,267962.98,253310.71,-0.2802747437589924
2012-08-13,3.0,annual,OCT,0.24217919048959724,0.2316512855763314,9145.38,261644.77,247135.0,-0.2880284083463537
2012-08-13,3.0,annual,SEP,0.24539494171369103,0.23306363168851119,11106.12,266244.67,249033.64,-0.2881244536379195
2012-08-13,3.0,monthly,—,0.23983333385383332,0.22035505684890777,16712.98,258339.44,232463.93,-0.2851379032688032
2012-08-13,3.0,quarterly,FEB,0.23596209870026075,0.2209332662725626,13592.49,252976.07,233193.13,-0.29512512011952796
2012-08-13,3.0,quarterly,JAN,0.2265492475250389,0.2116093048615747,11753.1,240396.66,221711.07,-0.2961833787579381
2012-08-13,3.0,quarterly,MAR,0.2408980862587934,0.224122467766236,14699.46,259834.47,237256.76,-0.28845612967567025
2012-08-13,,buy & hold,—,0.15573520835571475,0.15573520835571475,0.0,163988.72,163988.72,-0.3128538872941138
2012-11-13,1.0,annual,APR,0.24007927620019698,0.22100178148941618,21453.27,258643.87,233245.78,-0.3853835185872603
2012-11-13,1.0,annual,AUG,0.2204555023604612,0.2034955576924321,14926.08,232556.7,212156.84,-0.38539963064271476
2012-11-13,1.0,annual,DEC,0.27141043491209327,0.25309327232272205,12835.47,306496.04,277542.62,-0.33764147897988894
2012-11-13,1.0,annual,FEB,0.2131713542606316,0.2027680593089648,7403.7,223562.46,211323.52,-0.3853797305142218
2012-11-13,1.0,annual,JAN,0.2538624987076622,0.23902238830296596,15610.79,278701.88,257166.8,-0.36531430436614587
2012-11-13,1.0,annual,JUL,0.23998655076286302,0.22480321184498708,13541.39,258513.95,238098.27,-0.3853980094674062
2012-11-13,1.0,annual,JUN,0.2191579099054889,0.20074677336440117,18101.86,230928.13,209025.62,-0.3853929305003376
2012-11-13,1.0,annual,MAR,0.22467349703514017,0.2066161845623956,19992.94,237931.03,215769.43,-0.3853829123589263
2012-11-13,1.0,annual,MAY,0.2357763661037514,0.21434989784044178,22636.75,252682.91,224993.49,-0.3853861102633187
2012-11-13,1.0,annual,NOV,0.21540144525031601,0.18283524670193596,37834.27,226278.13,189742.85,-0.40451870431449166
2012-11-13,1.0,annual,OCT,0.2335389242603766,0.21540786257010802,18542.95,249637.96,226286.0,-0.38537738932962007
2012-11-13,1.0,annual,SEP,0.19299275192235366,0.16748203455986166,21640.27,200443.76,174667.71,-0.3854007136001466
2012-11-13,1.0,monthly,—,0.23218842656370853,0.19597170776020667,32918.98,247817.91,203697.48,-0.32911342249634756
2012-11-13,1.0,quarterly,FEB,0.17906394765351752,0.14707538929282793,28462.14,185920.22,156521.43,-0.3853853930711332
2012-11-13,1.0,quarterly,JAN,0.2283569136940412,0.2103317157094421,17573.26,242726.47,220152.18,-0.3653227560849751
2012-11-13,1.0,quarterly,MAR,0.21130056894032678,0.17706235168487872,24763.86,221309.77,183923.56,-0.3291164130830515
2012-11-13,2.0,annual,APR,0.2272883137711651,0.22233176635785534,4508.96,241325.33,234932.05,-0.29972012089974476
2012-11-13,2.0,annual,AUG,0.20674892038116244,0.19137181888136745,12371.25,215924.47,198695.63,-0.3482358881452492
2012-11-13,2.0,annual,DEC,0.22475791919023436,0.21908270645143946,3894.04,238039.86,230834.1,-0.30089094963262475
2012-11-13,2.0,annual,FEB,0.19704931717904672,0.18913264860964085,6041.96,204887.7,196306.31,-0.3009438852881108
2012-11-13,2.0,annual,JAN,0.22668257792865665,0.2230247531406807,3943.68,240534.71,235815.55,-0.3001714607075707
2012-11-13,2.0,annual,JUL,0.21656902343815976,0.2014729704724384,10321.09,227713.22,209848.26,-0.34830840190493295
2012-11-13,2.0,annual,JUN,0.21249871530402265,0.20001818859424347,8172.77,222749.85,208203.57,-0.3481233556918727
2012-11-13,2.0,annual,MAR,0.22984461952727908,0.22549071575000335,3834.86,244690.77,238986.66,-0.3000604480974143
2012-11-13,2.0,annual,MAY,0.22258486152338286,0.20998831096137238,8708.05,235254.34,219743.35,-0.34839232405445875
2012-11-13,2.0,annual,NOV,0.23462906916441828,0.2260073244836872,7090.12,251116.92,239656.42,-0.29200961180825513
2012-11-13,2.0,annual,OCT,0.21156562658482458,0.20283973308528436,5121.92,221627.54,211405.47,-0.34866147165846784
2012-11-13,2.0,annual,SEP,0.19290053026990528,0.17615524644048042,13221.97,200343.88,183025.95,-0.3541076026528831
2012-11-13,2.0,monthly,—,0.23840773036324336,0.21654654230021209,18629.28,256311.67,227685.5,-0.3069276169225843
2012-11-13,2.0,quarterly,FEB,0.23533862846627296,0.21660099551361933,15635.6,252084.28,227752.65,-0.30421363809103863
2012-11-13,2.0,quarterly,JAN,0.2203296466360226,0.20790479152092034,8396.76,232398.24,217279.33,-0.34810548990922996
2012-11-13,2.0,quarterly,MAR,0.22818401417568868,0.20986048899646959,13764.59,242499.21,219591.38,-0.3134752798281141
2012-11-13,3.0,annual,APR,0.19897634702076117,0.1887005348485994,9541.21,207033.78,195848.61,-0.34369022557569096
2012-11-13,3.0,annual,AUG,0.19221218069093593,0.17838208408853828,10972.95,199599.98,185237.55,-0.34535550893183653
2012-11-13,3.0,annual,DEC,0.19467710875672062,0.18317027867106994,10287.84,202276.91,190086.31,-0.34263649209956526
2012-11-13,3.0,annual,FEB,0.1930862609178735,0.1835479014536877,9244.38,200545.08,190474.2,-0.3548575646435894
2012-11-13,3.0,annual,JAN,0.1957522039771754,0.18558903251010495,10791.58,203455.91,192584.91,-0.3426133453429062
2012-11-13,3.0,annual,JUL,0.19388989299508352,0.18222697968417256,8264.62,201418.03,189120.89,-0.36715735099262903
2012-11-13,3.0,annual,JUN,0.19815033585465736,0.18569987460655735,8928.65,206111.09,192700.21,-0.3571187252835629
2012-11-13,3.0,annual,MAR,0.19699182307321916,0.1840047505368113,10311.9,204824.02,190944.56,-0.35025671426752414
2012-11-13,3.0,annual,MAY,0.2125150213529533,0.2028571454931426,8868.69,222769.51,211425.38,-0.3564308855538082
2012-11-13,3.0,annual,NOV,0.20978498272038004,0.19694265920325116,12227.92,219501.65,204769.58,-0.3376474131748124
2012-11-13,3.0,annual,OCT,0.20327798998552227,0.19154835113145363,10172.35,211907.28,198885.25,-0.34430514347770924
2012-11-13,3.0,annual,SEP,0.20648882912022415,0.19283654239456338,12167.44,215620.78,200274.61,-0.34453959414077395
2012-11-13,3.0,monthly,—,0.20161973800807542,0.18147016178580821,16693.05,210014.92,188349.96,-0.3467887567980982
2012-11-13,3.0,quarterly,FEB,0.1980013274773681,0.18212980964905745,13713.11,205945.09,189021.73,-0.34613187424250136
2012-11-13,3.0,quarterly,JAN,0.1878054192990687,0.17235247440287893,11690.79,194903.96,179311.73,-0.34690856278058335
2012-11-13,3.0,quarterly,MAR,0.20240766154765766,0.1851807469273704,14578.95,210911.93,192160.8,-0.34723248339713364
2012-11-13,,buy & hold,—,0.12571941955795485,0.12571941955795485,0.0,139620.6,139620.6,-0.3267664041395131
2013-02-13,1.0,annual,APR,0.23867700867134178,0.21975030789701477,20393.07,257101.2,232017.47,-0.38539540561556396
2013-02-13,1.0,annual,AUG,0.22008661036026933,0.2032243824370049,14240.26,232440.93,212141.16,-0.38541116641819795
2013-02-13,1.0,annual,DEC,0.2686518000088881,0.2506175821747475,12024.2,302495.35,274307.51,-0.32912016434908686
2013-02-13,1.0,annual,FEB,0.20993285315764398,0.20007029708879076,6768.63,219993.03,208548.39,-0.3853951419646098
2013-02-13,1.0,annual,JAN,0.2509243466619254,0.23654875389242525,14599.41,274764.39,254149.81,-0.3653280056237559
2013-02-13,1.0,annual,JUL,0.23963631521504902,0.22448277596168886,12949.48,258442.73,238048.71,-0.3854090341143869
2013-02-13,1.0,annual,JUN,0.21844916441522966,0.2002398446788053,17237.63,230386.41,208739.93,-0.38540477306628573
2013-02-13,1.0,annual,MAR,0.22332305016457454,0.20535730369849203,18981.47,236556.25,214606.31,-0.3853950030862511
2013-02-13,1.0,annual,MAY,0.234245174231272,0.2130855410881306,21493.62,250993.57,223784.16,-0.3853984024414645
2013-02-13,1.0,annual,NOV,0.21297244859278142,0.18107332628804118,35744.76,223647.03,188182.26,-0.4479445969795681
2013-02-13,1.0,annual,OCT,0.23107761157367224,0.21330476323761338,17419.02,246717.67,224050.22,-0.3853906428167305
2013-02-13,1.0,annual,SEP,0.19256561071639144,0.16748681910299978,20596.7,200246.72,174875.4,-0.385413063064893
2013-02-13,1.0,monthly,—,0.23065897497166776,0.1951290874190389,31339.74,246158.05,203043.89,-0.32912643295806965
2013-02-13,1.0,quarterly,FEB,0.178377595612914,0.1469987915012988,27091.97,185461.68,156618.03,-0.3853975005517658
2013-02-13,1.0,quarterly,JAN,0.22727430510035884,0.20964316561381657,16687.93,241680.16,219647.96,-0.36533459067236507
2013-02-13,1.0,quarterly,MAR,0.21046059311723397,0.17668566990209966,23573.51,220623.08,183774.79,-0.329128868998079
2013-02-13,2.0,annual,APR,0.23154957536981102,0.22665701017055462,4244.4,247350.1,240872.36,-0.3232609695825095
2013-02-13,2.0,annual,AUG,0.21117888418958797,0.1961090433651812,11671.47,221483.56,204123.68,-0.34825447815330013
2013-02-13,2.0,annual,DEC,0.22915246533079625,0.22266108830220832,4733.69,244154.74,235708.6,-0.32227461599724105
2013-02-13,2.0,annual,FEB,0.20205561144227324,0.19438439240886585,5675.11,210802.55,202227.23,-0.32432463229806674
2013-02-13,2.0,annual,JAN,0.23133290060484357,0.22750422177904517,3935.0,247059.56,241981.73,-0.3239405452565606
2013-02-13,2.0,annual,JUL,0.22029854111173985,0.20561933475549188,9650.87,232708.19,214911.15,-0.3483267861575863
2013-02-13,2.0,annual,JUN,0.2165216317533737,0.20446437026529185,7638.87,227991.39,213570.77,-0.34814246229751045
2013-02-13,2.0,annual,MAR,0.2339464860012529,0.22969612906837422,3586.83,250587.21,244875.79,-0.3240159230018278
2013-02-13,2.0,annual,MAY,0.22652352901925987,0.21429421675491012,8132.31,240698.04,225255.07,-0.3484100678342438
2013-02-13,2.0,annual,NOV,0.23939793596335723,0.23099996447247373,6689.48,258108.72,246613.78,-0.31197376887068706
2013-02-13,2.0,annual,OCT,0.2162437000110108,0.20767775486680573,4809.23,227648.13,217321.22,-0.3486804007432782
2013-02-13,2.0,annual,SEP,0.19773588466787773,0.18132564119811867,12472.35,205929.18,188438.99,-0.3541223210850699
2013-02-13,2.0,monthly,—,0.24326845915003104,0.2211229332600474,18401.78,263585.9,233750.76,-0.31876561518004254
2013-02-13,2.0,quarterly,FEB,0.239696232391576,0.22122158153193772,15000.72,258526.76,233875.83,-0.3180157933280182
2013-02-13,2.0,quarterly,JAN,0.22508004171109308,0.21250746615582672,8424.93,238821.04,223084.1,-0.3481244674985122
2013-02-13,2.0,quarterly,MAR,0.23238580694242617,0.2144870029416034,13002.13,248474.66,225490.58,-0.3222139212659333
2013-02-13,3.0,annual,APR,0.1989832781201165,0.18919106352898563,8978.6,207324.56,196624.35,-0.35324259056957374
2013-02-13,3.0,annual,AUG,0.19204476263695247,0.17861020429157748,10311.46,199683.21,185694.83,-0.3534285184404483
2013-02-13,3.0,annual,DEC,0.19374943080221663,0.18151000219993663,10676.68,201533.55,188626.8,-0.35371769036441303
2013-02-13,3.0,annual,FEB,0.19282164305152716,0.18260728782901936,9732.71,200524.32,189748.6,-0.36403544665625853
2013-02-13,3.0,annual,JAN,0.194648041441562,0.18367094350018587,10977.33,202515.97,190842.54,-0.3520614624729145
2013-02-13,3.0,annual,JUL,0.19226282255933136,0.1810512056300465,7603.45,199918.93,188159.77,-0.3767151739032064
2013-02-13,3.0,annual,JUN,0.19675639285208246,0.18494858864333474,8254.05,204840.18,192165.1,-0.3664090618922219
2013-02-13,3.0,annual,MAR,0.1969337831283965,0.18449593237534445,9684.59,205036.97,191695.46,-0.3601094108767885
2013-02-13,3.0,annual,MAY,0.21072965502145047,0.20145730778945425,8251.83,220945.01,210120.63,-0.36521571656659957
2013-02-13,3.0,annual,NOV,0.20916511555088413,0.19673846035947873,11528.72,219079.71,204820.3,-0.3428578869115144
2013-02-13,3.0,annual,OCT,0.20249145240626232,0.19119538793812507,9556.36,211300.72,198767.73,-0.3519421033655865
2013-02-13,3.0,annual,SEP,0.20576458679476184,0.192585989256448,11425.17,215080.32,200268.8,-0.3519242878534964
2013-02-13,3.0,monthly,—,0.2020315167275556,0.18162247431365908,16401.28,210775.05,188741.47,-0.3514593166181016
2013-02-13,3.0,quarterly,FEB,0.1983946501942474,0.182803829647617,13107.27,206664.91,189950.25,-0.35126594077563555
2013-02-13,3.0,quarterly,JAN,0.18757836351388335,0.17212569838277625,11335.48,194916.91,179306.45,-0.3534685074049998
2013-02-13,3.0,quarterly,MAR,0.20198428124347012,0.18505792873958116,13922.25,210721.13,192278.72,-0.3547762391485946
2013-02-13,,buy & hold,—,0.12121613464298175,0.12121613464298175,0.0,136424.57,136424.57,-0.3267717178702879
2013-05-13,1.0,annual,APR,0.2514875288574717,0.23319627697007406,18999.67,275042.25,249093.42,-0.3854122532773052
2013-05-13,1.0,annual,AUG,0.23417986286228054,0.2178246801011473,13311.64,250424.22,229196.09,-0.3854273450458273
2013-05-13,1.0,annual,DEC,0.2795095984878607,0.2619450632757455,10907.85,320113.45,291073.05,-0.32914050113298476
2013-05-13,1.0,annual,FEB,0.2229418748983042,0.21364272343754565,6139.71,235635.52,224065.7,-0.3854125962617194
2013-05-13,1.0,annual,JAN,0.26205141685059263,0.24828468076486898,13306.75,291240.77,270310.83,-0.3653472448175866
2013-05-13,1.0,annual,JUL,0.25387251366045305,0.23909758566811823,12129.34,278619.07,257185.67,-0.3854244317773875
2013-05-13,1.0,annual,JUN,0.232072919386911,0.21456276483339753,16093.16,247582.2,225184.35,-0.3854214845335051
2013-05-13,1.0,annual,MAR,0.2361802704596906,0.21878707502806016,17652.9,253152.83,230393.46,-0.3854120623268228
2013-05-13,1.0,annual,MAY,0.24686029311514324,0.22645415751632936,20000.63,268232.84,240160.62,-0.38541585789624133
2013-05-13,1.0,annual,NOV,0.22420525580942197,0.19311661169031702,33047.36,237253.24,200522.24,-0.44794223813220846
2013-05-13,1.0,annual,OCT,0.24237402344132553,0.22507137924511145,15935.94,261791.76,238368.74,-0.38540978307244733
2013-05-13,1.0,annual,SEP,0.20641974392268592,0.18223714974446292,19234.28,215476.71,189081.33,-0.3854305085318843
2013-05-13,1.0,monthly,—,0.2433099097842818,0.20873637695274072,29325.69,263122.54,218194.5,-0.3291448175953894
2013-05-13,1.0,quarterly,FEB,0.19187005246389865,0.16142741610696743,25312.12,199176.24,169026.93,-0.3854145744873543
2013-05-13,1.0,quarterly,JAN,0.24045176898059462,0.22336810647375882,15507.76,259079.49,236180.05,-0.3653513283175783
2013-05-13,1.0,quarterly,MAR,0.223933113731149,0.19112665463230927,22065.42,236903.83,198377.93,-0.329146339774959
2013-05-13,2.0,annual,APR,0.24664973811205326,0.24188678756420356,4076.15,267927.03,261101.6,-0.3232606888567231
2013-05-13,2.0,annual,AUG,0.2262402248592722,0.21172952756886876,10867.48,239882.51,221757.48,-0.3482777166078622
2013-05-13,2.0,annual,DEC,0.24450029634217396,0.23824908982203918,4405.06,264825.0,256006.13,-0.32227500893408956
2013-05-13,2.0,annual,FEB,0.2178245441867973,0.21056425405672463,5216.12,229195.92,220363.41,-0.324322336792239
2013-05-13,2.0,annual,JAN,0.24661815004815157,0.24297594716197224,3652.74,267881.18,262646.89,-0.3239378881230074
2013-05-13,2.0,annual,JUL,0.23485525459678758,0.2207568739167335,8896.68,251342.15,232863.9,-0.348349775441546
2013-05-13,2.0,annual,JUN,0.23130311264739956,0.21982806376795716,7025.52,246551.92,231695.71,-0.3481664193694951
2013-05-13,2.0,annual,MAR,0.2490177032736013,0.24475407436883467,3672.25,271386.47,265189.37,-0.3240148219984059
2013-05-13,2.0,annual,MAY,0.24118602094938824,0.22948519023852432,7478.42,260112.17,244135.95,-0.3484323417811369
2013-05-13,2.0,annual,NOV,0.2545208753914908,0.24646155497992928,6201.84,279599.43,267654.0,-0.31198196344650075
2013-05-13,2.0,annual,OCT,0.2314896637379137,0.22328412764665362,4420.5,246801.2,236072.67,-0.3487042233784692
2013-05-13,2.0,annual,SEP,0.21301884232117485,0.19714837655363404,11613.46,223310.34,204939.46,-0.3541408505555018
2013-05-13,2.0,monthly,—,0.25812665269924306,0.23657297864380122,17437.95,285114.58,253691.99,-0.3187665724554941
2013-05-13,2.0,quarterly,FEB,0.2544191962883454,0.23655317470664394,14076.81,279445.45,253664.77,-0.318016948445652
2013-05-13,2.0,quarterly,JAN,0.24001270379109674,0.22772138291456112,8306.65,258463.93,241814.66,-0.3481482043028781
2013-05-13,2.0,quarterly,MAR,0.24723319352300155,0.22995893908672438,12118.33,268775.31,244763.25,-0.3222144296790881
2013-05-13,3.0,annual,APR,0.21991695966147662,0.2094808075026623,9917.84,231807.26,219075.2,-0.3532428652093308
2013-05-13,3.0,annual,AUG,0.21284385443733667,0.19993624723898706,9602.37,223098.94,208051.7,-0.3534310719737225
2013-05-13,3.0,annual,DEC,0.2144013739003351,0.20259258841304761,9963.79,224987.71,211061.84,-0.3537197344389743
2013-05-13,3.0,annual,FEB,0.21410306785422184,0.20446017741737188,9099.81,224624.71,213204.63,-0.3640368186713301
2013-05-13,3.0,annual,JAN,0.2150197582181178,0.2045815949619293,10210.22,225742.09,213344.71,-0.3520611275050286
2013-05-13,3.0,annual,JUL,0.21131120266013592,0.20063367371935137,6910.88,221255.99,208837.77,-0.3767227149180761
2013-05-13,3.0,annual,JUN,0.2160868517791784,0.20505433038329646,7546.95,227049.88,213890.96,-0.36641400458023066
2013-05-13,3.0,annual,MAR,0.21782168810438762,0.20457682960194445,10255.97,229192.38,213339.21,-0.3601100020306762
2013-05-13,3.0,annual,MAY,0.23027360393147467,0.2207095327349683,8723.21,245180.8,232804.22,-0.3652213986387791
2013-05-13,3.0,annual,NOV,0.22993690025767222,0.21801127662291064,10767.02,244734.03,229427.76,-0.3428696349810155
2013-05-13,3.0,annual,OCT,0.22273945057628886,0.21197267043404133,8893.86,235377.36,222049.48,-0.35194618907523756
2013-05-13,3.0,annual,SEP,0.22591206924467466,0.21330368753656448,10632.02,239456.54,223654.9,-0.3519280070513937
2013-05-13,3.0,monthly,—,0.22348155258127222,0.20337684504077214,15878.19,236325.2,211958.99,-0.35146105803250893
2013-05-13,3.0,quarterly,FEB,0.22004975751474232,0.20457702587762994,12767.59,231974.0,213339.43,-0.3512677031508926
2013-05-13,3.0,quarterly,JAN,0.20875007240572951,0.1934444243751644,11158.96,218210.67,200877.74,-0.3534698755747
2013-05-13,3.0,quarterly,MAR,0.22300015869687806,0.2063570892080281,13354.37,235709.91,215403.68,-0.35477743260130246
2013-05-13,,buy & hold,—,0.12076080191532046,0.12076080191532046,0.0,135952.82,135952.82,-0.32677727684390345
2013-08-13,1.0,annual,APR,0.24758380189819051,0.2299942935188125,17604.27,269232.4,244764.45,-0.3854317120711145
2013-08-13,1.0,annual,AUG,0.23189144601868417,0.21602811956096934,12406.71,247292.42,226937.84,-0.3854453517252795
2013-08-13,1.0,annual,DEC,0.27323785496431274,0.25621282326418615,9772.66,309360.37,282115.53,-0.3291648375046963
2013-08-13,1.0,annual,FEB,0.21969384369468192,0.21092981651337583,5548.67,231486.06,220761.9,-0.38543198467273276
2013-08-13,1.0,annual,JAN,0.25610558468160904,0.24304259833885167,11995.91,281951.72,262690.05,-0.365370267738756
2013-08-13,1.0,annual,JUL,0.25174397722969244,0.2373378025800047,11332.26,275368.58,254696.34,-0.3854414665435203
2013-08-13,1.0,annual,JUN,0.2295713389774906,0.21265763586158404,15030.28,244204.41,222835.65,-0.3854396471943474
2013-08-13,1.0,annual,MAR,0.23246068247356744,0.21570529702358676,16335.48,248056.03,226541.65,-0.38543155134652785
2013-08-13,1.0,annual,MAY,0.24339857327213454,0.2236802531890415,18605.34,263197.1,236536.67,-0.38543482560935594
2013-08-13,1.0,annual,NOV,0.2183746060327031,0.1881583748459167,30311.99,229838.72,195192.86,-0.44793950357473256
2013-08-13,1.0,annual,OCT,0.23662649934585056,0.2198542749579232,14430.45,253716.89,231687.21,-0.38543268637722483
2013-08-13,1.0,annual,SEP,0.203515325592737,0.18029026258554015,17853.21,212082.65,187077.96,-0.385450801524998
2013-08-13,1.0,monthly,—,0.23968619833643168,0.20608068516095768,27396.87,257957.04,215045.75,-0.3291651973282367
2013-08-13,1.0,quarterly,FEB,0.18909286053252716,0.15946163825371273,23603.73,196180.3,167227.71,-0.3854334539061097
2013-08-13,1.0,quarterly,JAN,0.23695435667357312,0.22046392568403228,14325.82,254167.88,232453.17,-0.3653706081423751
2013-08-13,1.0,quarterly,MAR,0.2208775846504757,0.18904148618533323,20574.51,232974.35,196125.88,-0.3291661518349106
2013-08-13,2.0,annual,APR,0.24458464646294165,0.2401142531668351,3747.35,264893.6,258555.88,-0.32326038486895536
2013-08-13,2.0,annual,AUG,0.22410748716814444,0.21019491747834695,10068.19,237084.5,219885.8,-0.34830408487777
2013-08-13,2.0,annual,DEC,0.24269578607977016,0.236731391440545,4069.34,262196.99,253861.09,-0.3222754471411079
2013-08-13,2.0,annual,FEB,0.21646744133940554,0.2096402649101562,4766.51,227478.13,219226.92,-0.32431982295815165
2013-08-13,2.0,annual,JAN,0.24479616080210975,0.24135450996843988,3368.19,265197.29,260298.83,-0.3239349753714774
2013-08-13,2.0,annual,JUL,0.23229352133115932,0.21865447681401806,8402.32,247831.55,230187.2,-0.3483759938711951
2013-08-13,2.0,annual,JUN,0.2289030026706228,0.2179911275691765,6469.25,243322.09,229362.09,-0.3481937318625221
2013-08-13,2.0,annual,MAR,0.2468160378259624,0.24287826655869693,3345.31,268114.98,262456.31,-0.32401361268654594
2013-08-13,2.0,annual,MAY,0.2386433126094002,0.22752076008566446,6833.74,256503.88,241507.43,-0.3484577134134149
2013-08-13,2.0,annual,NOV,0.2524247686183251,0.244707444033882,5713.14,276385.94,265069.87,-0.31199099422079146
2013-08-13,2.0,annual,OCT,0.22956774313822248,0.2217849955565362,4034.22,244199.66,234121.75,-0.3487311883437312
2013-08-13,2.0,annual,SEP,0.2111089131107019,0.19580314820723121,10773.39,220975.95,203422.22,-0.3541618458238911
2013-08-13,2.0,monthly,—,0.25589025192612,0.2347119755134911,16774.53,281623.06,251099.35,-0.3187676306921009
2013-08-13,2.0,quarterly,FEB,0.25202132291023627,0.23463829853650797,13364.73,275782.58,250999.17,-0.3180182297037153
2013-08-13,2.0,quarterly,JAN,0.2376627550124536,0.2259982017204777,7703.98,255145.06,239524.33,-0.34817512842121956
2013-08-13,2.0,quarterly,MAR,0.24495715203643142,0.22816528253669588,11489.02,265428.67,242351.88,-0.3222149961469769
2013-08-13,3.0,annual,APR,0.2225988902164201,0.21263056042435535,9269.28,235155.75,222803.0,-0.3532431605735402
2013-08-13,3.0,annual,AUG,0.21519653638423797,0.20254441582116567,9195.68,225918.68,210972.05,-0.35343384209000894
2013-08-13,3.0,annual,DEC,0.21641399408944684,0.2049982630381747,9277.28,227412.33,213790.41,-0.353721959998051
2013-08-13,3.0,annual,FEB,0.21698719508449982,0.20775400393973797,8521.53,228119.01,217001.1,-0.36403827046326387
2013-08-13,3.0,annual,JAN,0.2169576211491867,0.2068906616168159,9502.3,228082.5,215990.0,-0.35206077814591463
2013-08-13,3.0,annual,JUL,0.21353977520671952,0.20244749683185848,7365.99,223901.99,210861.51,-0.37673058969786166
2013-08-13,3.0,annual,JUN,0.21775970021590096,0.2067568465976347,7493.48,229074.93,215833.71,-0.36641913729008957
2013-08-13,3.0,annual,MAR,0.22036619880992336,0.207735759881558,9544.92,232330.22,216979.69,-0.3601106357086795
2013-08-13,3.0,annual,MAY,0.23161898328976938,0.22248746896536076,8036.52,246927.75,235013.92,-0.3652273552809151
2013-08-13,3.0,annual,NOV,0.23198380904987126,0.22052419004120882,10037.74,247416.16,232529.03,-0.3428823775948593
2013-08-13,3.0,annual,OCT,0.22484834797690578,0.21449437044138697,8293.02,238037.53,225061.74,-0.3519504220599473
2013-08-13,3.0,annual,SEP,0.22791186688205511,0.21577155161802974,9928.94,242019.51,226622.9,-0.3519318711801238
2013-08-13,3.0,monthly,—,0.2265874291663158,0.2068600903981047,15237.49,240289.83,215954.29,-0.35146290212616005
2013-08-13,3.0,quarterly,FEB,0.2230467096654204,0.20809443344637535,11962.22,235726.63,217401.11,-0.3512695755074321
2013-08-13,3.0,quarterly,JAN,0.21151922855799044,0.19674198474362015,10486.7,221467.12,204456.96,-0.3534713305223963
2013-08-13,3.0,quarterly,MAR,0.22546333327415347,0.20928801766489424,12572.74,238831.57,218809.51,-0.35477870437347947
2013-08-13,,buy & hold,—,0.13017860423247207,0.13017860423247207,0.0,142941.25,142941.25,-0.32678294133310326
2013-11-13,1.0,annual,APR,0.24390711609500582,0.22725010641294985,16125.41,264350.8,241520.22,-0.38545567077756904
2013-11-13,1.0,annual,AUG,0.23032670961935342,0.21508162731835478,11465.22,245582.76,226104.6,-0.38546660291572477
2013-11-13,1.0,annual,DEC,0.26931356837001463,0.2527707866059997,8821.75,303393.91,277367.79,-0.3291899511979507
2013-11-13,1.0,annual,FEB,0.2168202310082311,0.20871805419200273,4913.65,228244.84,218442.62,-0.38545583786162785
2013-11-13,1.0,annual,JAN,0.2525399566263039,0.24013357298793758,10889.98,277020.82,258996.07,-0.36539402602889515
2013-11-13,1.0,annual,JUL,0.24945760999871525,0.23573368850381604,10404.45,272428.87,252889.56,-0.38546333816642997
2013-11-13,1.0,annual,JUN,0.22746298881149019,0.21138264058168998,13885.33,241799.14,221618.38,-0.3854618502582309
2013-11-13,1.0,annual,MAR,0.229019397435395,0.21311933530692972,14937.88,243848.18,223713.37,-0.3854555560909698
2013-11-13,1.0,annual,MAY,0.2402444135352665,0.2214423152640862,17127.27,259151.8,234034.68,-0.3854580354829332
2013-11-13,1.0,annual,NOV,0.21501846137980574,0.1857034535414951,27966.19,226027.23,192866.34,-0.44793677761121
2013-11-13,1.0,annual,OCT,0.23330290469190829,0.21704797601417758,13155.09,249578.06,228526.71,-0.38545631984013073
2013-11-13,1.0,annual,SEP,0.2028984299618316,0.1804514917267418,16660.85,211666.02,187471.1,-0.3854714010952224
2013-11-13,1.0,monthly,—,0.23646250042467065,0.2040481156928452,25382.03,253891.0,212987.64,-0.32918995119795047
2013-11-13,1.0,quarterly,FEB,0.1869179336936414,0.15835267926283325,21822.69,194136.42,166415.03,-0.38545631984013085
2013-11-13,1.0,quarterly,JAN,0.23388048920508286,0.21811636675408164,13084.49,250360.95,229853.7,-0.36539402602889515
2013-11-13,1.0,quarterly,MAR,0.21822623581921097,0.18767626515129454,19002.92,229990.6,194933.8,-0.3291903414530749
2013-11-13,2.0,annual,APR,0.25221729697689377,0.2480815166396807,3425.38,276536.54,270403.43,-0.3232600665590616
2013-11-13,2.0,annual,AUG,0.23181401536166046,0.21852705800929273,9309.98,247571.25,230365.86,-0.34833282054293335
2013-11-13,2.0,annual,DEC,0.250660223030737,0.24498952180884082,3753.25,274211.37,265907.1,-0.32227591814660916
2013-11-13,2.0,annual,FEB,0.22488040352332173,0.21848395745391513,4350.31,238437.27,230312.06,-0.3243171632135581
2013-11-13,2.0,annual,JAN,0.2522932340877172,0.24905652939229028,3096.04,276650.44,271836.97,-0.32393188942653806
2013-11-13,2.0,annual,JUL,0.2394519209613465,0.22653037450390834,7717.3,258040.43,240579.64,-0.3484046145534061
2013-11-13,2.0,annual,JUN,0.2360007479117815,0.2257133077838328,5903.95,253256.06,239516.32,-0.34822367228941564
2013-11-13,2.0,annual,MAR,0.2543764076135283,0.2507579131065062,3040.89,279793.3,274356.67,-0.3240123270832538
2013-11-13,2.0,annual,MAY,0.24565106245485435,0.23515021465482466,6237.88,266862.77,252090.69,-0.34848564187840203
2013-11-13,2.0,annual,NOV,0.260597318373223,0.251955101200665,7123.85,289391.96,276143.63,-0.3120005826591409
2013-11-13,2.0,annual,OCT,0.23719859814677802,0.2295072498399654,4106.27,254906.48,244494.03,-0.34876071150865706
2013-11-13,2.0,annual,SEP,0.2188554203073808,0.20409325372787224,10026.95,230776.18,213039.7,-0.35418487057612125
2013-11-13,2.0,monthly,—,0.26298626699141303,0.24237804327086565,16065.83,293164.47,262167.79,-0.31876876260657916
2013-11-13,2.0,quarterly,FEB,0.2592649702261546,0.24225858977172854,12944.75,287308.98,261998.01,-0.3180196032750109
2013-11-13,2.0,quarterly,JAN,0.24484030682091673,0.23371209870123855,7351.84,265692.01,250132.45,-0.3482046086484375
2013-11-13,2.0,quarterly,MAR,0.2523560944294344,0.23606835571242468,10995.52,276744.76,253348.93,-0.3222156061033614
2013-11-13,3.0,annual,APR,0.22628392707175526,0.21679616583223005,8650.87,240258.42,228215.07,-0.353243482419471
2013-11-13,3.0,annual,AUG,0.218997999683458,0.20690667008182884,8538.52,230954.58,216310.11,-0.35343681399973026
2013-11-13,3.0,annual,DEC,0.21977275977164423,0.2088046809465628,8621.88,231926.41,218545.14,-0.3537243985553581
2013-11-13,3.0,annual,FEB,0.221406281446065,0.21258314201091377,7969.43,233988.97,223064.42,-0.36403982415764446
2013-11-13,3.0,annual,JAN,0.22004241109927947,0.21036967568631038,8833.75,232265.62,220405.62,-0.35206041039992997
2013-11-13,3.0,annual,JUL,0.2157401076669766,0.20529592820505227,6714.56,226912.8,214431.54,-0.37673929554711993
2013-11-13,3.0,annual,JUN,0.22059861448553886,0.2101570137019243,6882.25,232966.87,220151.87,-0.3664246395717238
2013-11-13,3.0,annual,MAR,0.2239637033484202,0.21194850983542068,8881.03,237255.31,222298.8,-0.3601113213710243
2013-11-13,3.0,annual,MAY,0.23344274965872136,0.22479677859234115,7365.04,249767.39,238329.2,-0.36523399883251806
2013-11-13,3.0,annual,NOV,0.2354409060079855,0.22352828507163636,10508.19,252488.38,236695.96,-0.3428962463693149
2013-11-13,3.0,annual,OCT,0.22852370114516096,0.21846173693659876,7936.28,243193.69,230284.32,-0.3519550489350014
2013-11-13,3.0,annual,SEP,0.23130578105053223,0.21946576011059993,9492.62,246889.94,231540.83,-0.3519361107766371
2013-11-13,3.0,monthly,—,0.2306283402424968,0.21117746291747708,14839.92,245984.73,221372.19,-0.35146493565825776
2013-11-13,3.0,quarterly,FEB,0.22706486287904493,0.21225288437862455,11699.92,241277.78,222665.67,-0.35127165317048326
2013-11-13,3.0,quarterly,JAN,0.21573788413157524,0.2016824460712504,9718.22,226910.07,210277.24,-0.35347292024966903
2013-11-13,3.0,quarterly,MAR,0.22943592078852804,0.213830599270601,11732.29,244399.49,224577.14,-0.35478007293214975
2013-11-13,,buy & hold,—,0.12537195777794674,0.12537195777794674,0.0,139443.3,139443.3,-0.3267889975043864
2014-02-13,1.0,annual,APR,0.234007334766536,0.21811767509201185,14802.29,250644.08,229950.33,-0.38548142843427946
2014-02-13,1.0,annual,AUG,0.2225438523411677,0.20772882320251085,10634.49,235535.47,217361.03,-0.3854888632798523
2014-02-13,1.0,annual,DEC,0.25899454746914363,0.24297072669471398,7979.69,287028.09,263132.5,-0.3292173114682426
2014-02-13,1.0,annual,FEB,0.21019790439259023,0.1871562992883934,21438.8,220288.43,194455.93,-0.38548206586181355
2014-02-13,1.0,annual,JAN,0.2425831850247081,0.23080466877952055,9890.15,262579.87,246327.53,-0.36541990964677984
2014-02-13,1.0,annual,JUL,0.24096512436985595,0.22774267469506804,9587.43,260285.09,242270.44,-0.3854863893467353
2014-02-13,1.0,annual,JUN,0.21913554610143005,0.20372908898363995,12863.39,231222.77,212702.3,-0.3854853259467209
2014-02-13,1.0,annual,MAR,0.21934897899086458,0.2041347661410674,13689.89,231490.49,213170.17,-0.3854813741095878
2014-02-13,1.0,annual,MAY,0.23087280014935396,0.21281156115432387,15803.69,246418.58,223430.77,-0.38548281231504966
2014-02-13,1.0,annual,NOV,0.20524665274094034,0.17679420827328018,25822.1,214457.86,183867.56,-0.4479339129813147
2014-02-13,1.0,annual,OCT,0.22358198972203402,0.20781121379414846,11998.01,236865.12,217458.08,-0.38548206586181355
2014-02-13,1.0,annual,SEP,0.19609994164836453,0.17421954553481778,15608.7,204095.45,181329.62,-0.3854926567103977
2014-02-13,1.0,monthly,—,0.22938883252774855,0.1945308871315944,27491.39,244443.15,202369.72,-0.3292173114682426
2014-02-13,1.0,quarterly,FEB,0.18065728451614638,0.15236782235553237,20757.37,187744.15,161191.13,-0.38548206586181355
2014-02-13,1.0,quarterly,JAN,0.22423528846684893,0.20917900400271783,11937.31,237705.74,219075.59,-0.36541990964677984
2014-02-13,1.0,quarterly,MAR,0.20886811110568393,0.1794388179455778,17512.94,218706.87,186512.45,-0.3292173114682426
2014-02-13,2.0,annual,APR,0.2546276374579509,0.2507148797079656,3143.29,280309.26,274422.42,-0.32325974696946624
2014-02-13,2.0,annual,AUG,0.23427207476161105,0.22145484610404254,8647.22,251004.27,234148.75,-0.3483631799544552
2014-02-13,2.0,annual,DEC,0.2526755001446278,0.24656645134298405,4380.06,277356.65,268315.67,-0.3222764076737289
2014-02-13,2.0,annual,FEB,0.2278676130333942,0.22066894387398073,5421.29,242434.66,233153.11,-0.32431445451352914
2014-02-13,2.0,annual,JAN,0.2543255895924149,0.2510238794104126,3177.98,279850.38,274882.8,-0.3239287449811167
2014-02-13,2.0,annual,JUL,0.24136515772416212,0.22905489497331122,7108.25,260850.56,244000.82,-0.34843503930144015
2014-02-13,2.0,annual,JUN,0.23784094910952247,0.22811545820829815,5400.54,255910.95,242760.76,-0.3482554438265254
2014-02-13,2.0,annual,MAR,0.2567199645596595,0.2533123126298028,2778.16,283508.7,278316.41,-0.32401101562938517
2014-02-13,2.0,annual,MAY,0.24741766858657754,0.23747788919157375,5718.28,269557.55,255407.43,-0.3485152851132547
2014-02-13,2.0,annual,NOV,0.26223524199699855,0.25398053341138016,6639.51,292117.51,279327.06,-0.3120104240257474
2014-02-13,2.0,annual,OCT,0.23943698239977806,0.23212096358584622,3763.19,258136.27,248092.52,-0.34879191395745435
2014-02-13,2.0,annual,SEP,0.22142139700977237,0.20717066042525822,9320.17,234106.28,216704.74,-0.35420922407211086
2014-02-13,2.0,monthly,—,0.2643796391723886,0.24406550329204524,15546.83,295534.44,264699.91,-0.31876992603369847
2014-02-13,2.0,quarterly,FEB,0.2605293528539442,0.24388235762337296,12455.41,289427.37,264437.05,-0.3180210185819451
2014-02-13,2.0,quarterly,JAN,0.24637961562520327,0.23541317703280418,7321.65,268043.85,252562.77,-0.3482357800545014
2014-02-13,2.0,quarterly,MAR,0.2537995349524206,0.23779023918694053,10675.28,279052.95,255840.56,-0.322216237135159
2014-02-13,3.0,annual,APR,0.23135137506674963,0.22223225661720314,8089.26,247059.06,235137.84,-0.35324382706570834
2014-02-13,3.0,annual,AUG,0.22388609881042154,0.21228394221222058,7936.91,237256.05,222792.79,-0.353439947825548
2014-02-13,3.0,annual,DEC,0.22404311394145993,0.2127185498065699,8841.55,237458.15,223318.17,-0.3537269373124202
2014-02-13,3.0,annual,FEB,0.22675759478049706,0.2172566025557,8672.97,240979.57,228879.42,-0.3640414557966183
2014-02-13,3.0,annual,JAN,0.2240389567820037,0.2145485383792315,8391.05,237452.8,225544.14,-0.35206003179534007
2014-02-13,3.0,annual,JUL,0.21996672594908906,0.2100401358844316,6158.6,232267.11,220100.19,-0.37674807477861916
2014-02-13,3.0,annual,JUN,0.22455482790914127,0.21461789967051026,6321.54,238117.99,225628.95,-0.36643049598278943
2014-02-13,3.0,annual,MAR,0.22894699367256666,0.21743821892925153,8273.89,243858.06,229104.87,-0.36011204975378086
2014-02-13,3.0,annual,MAY,0.2372925373339282,0.2289966093915804,6803.64,255150.76,243923.7,-0.3652407053882615
2014-02-13,3.0,annual,NOV,0.2392861013635742,0.2278881899133961,9808.74,257925.07,242461.72,-0.3429108220736711
2014-02-13,3.0,annual,OCT,0.23275897659903133,0.2231249169865076,7387.13,248952.58,236278.77,-0.3519598918749829
2014-02-13,3.0,annual,SEP,0.23562263749547563,0.2242404338517624,8856.47,252849.9,237712.37,-0.35194058527307936
2014-02-13,3.0,monthly,—,0.2352694018225402,0.21604702352267824,14478.19,252365.87,227383.57,-0.35146708299906704
2014-02-13,3.0,quarterly,FEB,0.23169501436160445,0.21713001383145858,11309.28,247519.99,228722.4,-0.3512738348419847
2014-02-13,3.0,quarterly,JAN,0.2201443014979535,0.206261780594314,9518.08,232490.84,215640.38,-0.3534745767407603
2014-02-13,3.0,quarterly,MAR,0.23401081653714118,0.21831863129528595,11678.34,250648.81,230200.98,-0.35478152350252534
2014-02-13,,buy & hold,—,0.14405547814884956,0.14405547814884956,0.0,154152.07,154152.07,-0.3267952297599719
2014-05-13,1.0,annual,APR,0.20309889092641586,0.18026831540869004,21498.63,211838.31,187239.75,-0.3855118120794755
2014-05-13,1.0,annual,AUG,0.21577963391024058,0.2014132363835669,9812.26,226896.6,209914.4,-0.3855144323875972
2014-05-13,1.0,annual,DEC,0.24970914378451947,0.23425938665453538,7160.69,272713.1,250799.28,-0.3292489249466902
2014-05-13,1.0,annual,FEB,0.20422873922492746,0.18236415677941553,19838.27,213137.86,189370.84,-0.3855118120794755
2014-05-13,1.0,annual,JAN,0.2336880561103808,0.2225751741246481,8923.78,250023.65,235407.25,-0.36544981692428236
2014-05-13,1.0,annual,JUL,0.23343117047447481,0.22075258151177424,8779.15,249675.68,233093.54,-0.38551304649188856
2014-05-13,1.0,annual,JUN,0.2117760097397533,0.19712345946290333,11854.79,222028.71,205098.04,-0.3855125707196586
2014-05-13,1.0,annual,MAR,0.20277409125871249,0.1803172562770997,20699.35,211466.21,187289.23,-0.3855118120794755
2014-05-13,1.0,annual,MAY,0.2130742507167801,0.1900427234174057,20726.14,223595.52,197392.98,-0.3855118120794755
2014-05-13,1.0,annual,NOV,0.1965482775028412,0.1690264947324588,23741.6,204460.86,176221.85,-0.44793073207565104
2014-05-13,1.0,annual,OCT,0.21494004054879545,0.19964552141756553,10870.25,225866.9,207915.91,-0.3855118120794755
2014-05-13,1.0,annual,SEP,0.19039799043377037,0.1691028084223657,14562.33,197772.44,176294.35,-0.3855168610081485
2014-05-13,1.0,monthly,—,0.22270888161215996,0.18915957769123237,25440.86,235577.9,196452.9,-0.3292489249466902
2014-05-13,1.0,quarterly,FEB,0.17481930823938552,0.14757693263265137,19092.39,181813.48,157017.45,-0.3855118120794755
2014-05-13,1.0,quarterly,JAN,0.1938196709947425,0.16706873140451084,22906.9,201465.5,174372.38,-0.36544981692428236
2014-05-13,1.0,quarterly,MAR,0.1926516267711339,0.15737455724309302,22418.6,200196.97,165505.38,-0.3292489249466902
2014-05-13,2.0,annual,APR,0.2509782749221653,0.24552583201291778,5421.18,274596.13,266597.07,-0.3232594028077479
2014-05-13,2.0,annual,AUG,0.22865677966396925,0.21633058836089714,8018.3,243296.37,227574.88,-0.348397666270439
2014-05-13,2.0,annual,DEC,0.24725900141990043,0.24144421415398065,4038.93,269114.18,260761.89,-0.3222769519218721
2014-05-13,2.0,annual,FEB,0.22293370282681646,0.2161616128829401,4997.76,235865.11,227366.64,-0.3243115150613731
2014-05-13,2.0,annual,JAN,0.24895955330725317,0.24583236749730253,2910.68,271606.98,267040.54,-0.32392532610521263
2014-05-13,2.0,annual,JUL,0.23525951236732012,0.2235821513733912,6515.36,252162.87,236695.49,-0.3484698522720654
2014-05-13,2.0,annual,JUN,0.23187682493042827,0.22274566120864725,4909.78,247580.6,235624.86,-0.34829173596583973
2014-05-13,2.0,annual,MAR,0.25151860595727993,0.24682507416230492,4755.92,275401.76,268481.76,-0.3240095790908013
2014-05-13,2.0,annual,MAY,0.24186497858317446,0.23142283630123817,6712.25,261357.47,246972.01,-0.34854916849874396
2014-05-13,2.0,annual,NOV,0.2564240004006363,0.24850344398095292,6171.81,282824.34,270936.13,-0.3120212120937509
2014-05-13,2.0,annual,OCT,0.23393051268487242,0.22698912908141267,3444.89,250352.51,241106.96,-0.34882730383645477
2014-05-13,2.0,annual,SEP,0.215955439993342,0.20221069337320186,8645.55,227112.81,210822.35,-0.3542368892519673
2014-05-13,2.0,monthly,—,0.2587008930667535,0.23835060957602205,15511.45,286337.01,256424.52,-0.31877121111224527
2014-05-13,2.0,quarterly,FEB,0.25449483957108543,0.2382781195428877,11863.46,279881.75,256323.76,-0.31802258536339023
2014-05-13,2.0,quarterly,JAN,0.24163347364995025,0.2301368950133077,8224.69,261029.62,245256.31,-0.34827128902209004
2014-05-13,2.0,quarterly,MAR,0.24807553982553954,0.23215735117311487,10599.42,270308.26,247957.41,-0.3222169390091527
2014-05-13,3.0,annual,APR,0.2312227263514509,0.2198465383908773,10827.43,246704.24,231951.89,-0.35324420971978565
2014-05-13,3.0,annual,AUG,0.2275539709067248,0.21641773522131957,7357.81,241846.3,227682.36,-0.3534433687146571
2014-05-13,3.0,annual,DEC,0.22761878982878814,0.21668780858472736,8236.01,241931.29,228015.75,-0.3537297229758416
2014-05-13,3.0,annual,FEB,0.23096957569663534,0.22181512023869876,8133.14,246365.9,234439.59,-0.36404323976082853
2014-05-13,3.0,annual,JAN,0.2272311498894587,0.21804398854456764,7803.29,241423.47,229697.38,-0.35205963396179163
2014-05-13,3.0,annual,JUL,0.22333461695668355,0.21391885424801538,5625.0,236378.16,224620.85,-0.376757760659546
2014-05-13,3.0,annual,JUN,0.22751416153960424,0.2180813450779019,5779.44,241794.11,229743.88,-0.3664369486501765
2014-05-13,3.0,annual,MAR,0.2253540472498835,0.2127362405085148,9638.56,238979.56,223186.51,-0.3601128515574553
2014-05-13,3.0,annual,MAY,0.24441618535807585,0.23328482744483525,10586.94,264997.89,249477.67,-0.36524811653740863
2014-05-13,3.0,annual,NOV,0.24231960401159902,0.23138543879773465,9131.74,262002.51,246921.95,-0.34292675383470816
2014-05-13,3.0,annual,OCT,0.23558885739619606,0.22636511479920352,6861.89,252613.53,240292.82,-0.3519651797989226
2014-05-13,3.0,annual,SEP,0.23849718265574948,0.22756279694972104,8246.16,256628.38,241857.87,-0.3519454818638593
2014-05-13,3.0,monthly,—,0.23191755359452382,0.21193226075077354,15301.46,247635.27,222216.7,-0.3514694251546523
2014-05-13,3.0,quarterly,FEB,0.239195794663143,0.22298666841292925,13366.75,257602.28,235932.82,-0.351276232825272
2014-05-13,3.0,quarterly,JAN,0.2193153630668051,0.20376554268680092,11456.97,231285.22,212604.11,-0.3534763685016241
2014-05-13,3.0,quarterly,MAR,0.23019910943046862,0.21441250460011274,11637.15,245339.04,225222.33,-0.3547831143379392
2014-05-13,,buy & hold,—,0.14791934784434935,0.14791934784434935,0.0,157306.33,157306.33,-0.3268017070783179
2014-08-13,1.0,annual,APR,0.1942918299663957,0.17225848810985955,19969.81,202043.41,179369.55,-0.3855420785563217
2014-08-13,1.0,annual,AUG,0.2393513484116062,0.22539430752092915,9077.28,257915.64,239116.27,-0.3855420785563217
2014-08-13,1.0,annual,DEC,0.2716414396445993,0.2566662519606392,6494.09,307267.67,283307.89,-0.3292810937598486
2014-08-13,1.0,annual,FEB,0.1959781912344033,0.1749006671047023,18494.63,203895.18,181944.85,-0.3855420785563217
2014-08-13,1.0,annual,JAN,0.25599667970998763,0.24544803436332063,8132.86,282281.11,266586.01,-0.36548024956470315
2014-08-13,1.0,annual,JUL,0.2341231271831311,0.20425979601971667,29450.62,250705.66,213242.95,-0.3855420785563217
2014-08-13,1.0,annual,JUN,0.21066550329194456,0.18678393024358797,21636.92,220770.94,194005.01,-0.3855420785563217
2014-08-13,1.0,annual,MAR,0.19413588054414432,0.17241152774074042,19233.98,201873.03,179517.68,-0.3855420785563217
2014-08-13,1.0,annual,MAY,0.2041654848176494,0.18185844203876556,19231.92,213134.08,188909.75,-0.3855420785563217
2014-08-13,1.0,annual,NOV,0.2191078780628729,0.1925209283774697,21994.66,231105.1,200117.25,-0.4479276289597516
2014-08-13,1.0,annual,OCT,0.23751165885213743,0.2226603469210996,9960.39,255355.21,235598.38,-0.38554207855632205
2014-08-13,1.0,annual,SEP,0.2151085345025051,0.19440587335212867,13620.34,226149.98,202168.1,-0.38554272025160796
2014-08-13,1.0,monthly,—,0.21778922753104857,0.1838870100593072,25314.5,229459.31,190991.44,-0.32928109375984893
2014-08-13,1.0,quarterly,FEB,0.1707866566365318,0.14356291067015803,18489.76,177951.26,153708.37,-0.38554207855632183
2014-08-13,1.0,quarterly,JAN,0.18525112292432977,0.15939674991827968,21263.83,192404.47,167359.37,-0.3654802495647035
2014-08-13,1.0,quarterly,MAR,0.18409953742055551,0.15001946143271983,20830.18,191210.89,159129.53,-0.3292810937598486
2014-08-13,2.0,annual,APR,0.26088654289557855,0.2557579926060226,5071.54,289865.77,281915.99,-0.323259071998945
2014-08-13,2.0,annual,AUG,0.2357260874002881,0.22357792338806448,7777.13,252894.47,236773.21,-0.34843319259863337
2014-08-13,2.0,annual,DEC,0.25551730992423327,0.24988363116076784,3765.52,281548.28,273076.65,-0.32227749659098737
2014-08-13,2.0,annual,FEB,0.23250259116386351,0.2261073837530313,4657.17,248512.18,240042.48,-0.32430863655907494
2014-08-13,2.0,annual,JAN,0.2574203556254401,0.254423202347536,2695.88,284468.76,279882.77,-0.32392196595530576
2014-08-13,2.0,annual,JUL,0.24289116113256537,0.23083556161909768,7213.8,262914.81,246275.87,-0.34850603025928284
2014-08-13,2.0,annual,JUN,0.23993100940766043,0.23062007174859345,5360.24,258727.71,245988.27,-0.3483293528886324
2014-08-13,2.0,annual,MAR,0.2606843792073602,0.2563489908781206,4427.74,289548.22,282820.92,-0.32400817339559074
2014-08-13,2.0,annual,MAY,0.25071457270827524,0.2408395561533042,6214.78,274310.01,260005.69,-0.3485841377888761
2014-08-13,2.0,annual,NOV,0.2644041516830039,0.25672710171294744,5795.05,295446.95,283401.39,-0.31203188375503854
2014-08-13,2.0,annual,OCT,0.24162513235963712,0.2349744263102701,3186.59,261115.79,251865.72,-0.3488636392828731
2014-08-13,2.0,annual,SEP,0.22317943421324682,0.20986771461383336,8073.04,236262.28,219818.89,-0.3542653495019671
2014-08-13,2.0,monthly,—,0.26696679818020497,0.24634992275776446,15897.24,299580.02,267893.15,-0.3187724971506636
2014-08-13,2.0,quarterly,FEB,0.2631301012397761,0.24646632390293755,12563.19,293413.26,268062.32,-0.3180241563679861
2014-08-13,2.0,quarterly,JAN,0.2502871908647334,0.23849549665226955,8889.98,273674.96,256721.31,-0.34830794511036123
2014-08-13,2.0,quarterly,MAR,0.25647743833149017,0.240743109456658,10393.62,283017.98,259869.73,-0.3222176455595255
2014-08-13,3.0,annual,APR,0.25097827893811286,0.24019387494188604,10211.05,274702.58,259096.82,-0.3532446006720372
2014-08-13,3.0,annual,AUG,0.23387487633855597,0.2207678113899908,9856.34,250368.38,233193.78,-0.3534468342814797
2014-08-13,3.0,annual,DEC,0.2275696649935005,0.21694251190197666,7709.82,241953.14,228408.78,-0.35373255771527146
2014-08-13,3.0,annual,FEB,0.23252961155890073,0.22360463237924766,7672.28,248548.59,236807.5,-0.36404503091674456
2014-08-13,3.0,annual,JAN,0.2276019215813131,0.2186687090144791,7293.27,241995.46,230555.66,-0.3520592424690422
2014-08-13,3.0,annual,JUL,0.22573275331356213,0.21196154486248264,11017.8,239555.43,222326.51,-0.3767676889380309
2014-08-13,3.0,annual,JUN,0.2319428930729085,0.21954361962546443,9588.83,247759.08,231651.55,-0.3664435302443545
2014-08-13,3.0,annual,MAR,0.24537176661095284,0.23339774723028273,9041.31,266475.77,249721.43,-0.36011366314659066
2014-08-13,3.0,annual,MAY,0.2628703134414959,0.2524939765879525,9887.45,293000.29,276969.88,-0.3652556986004364
2014-08-13,3.0,annual,NOV,0.24227052197599763,0.23169336050145295,8541.42,262031.34,247424.06,-0.3429429505597793
2014-08-13,3.0,annual,OCT,0.23595484312372494,0.22704692029758322,6412.85,253208.4,241268.35,-0.3519705576935631
2014-08-13,3.0,annual,SEP,0.23815520346485364,0.22760022691215187,7705.24,256247.97,241993.23,-0.35195047055181405
2014-08-13,3.0,monthly,—,0.25191600004825465,0.23149351763712767,16122.46,276103.1,247156.09,-0.3514717956421526
2014-08-13,3.0,quarterly,FEB,0.258477407392952,0.24239779754354085,13525.96,286103.95,262212.28,-0.35127866142575503
2014-08-13,3.0,quarterly,JAN,0.23876688330506435,0.22343648604459576,11585.94,257099.42,236591.74,-0.3534781848894487
2014-08-13,3.0,quarterly,MAR,0.2505390364941108,0.23448810898596884,12010.74,274049.0,251202.36,-0.3547847315033973
2014-08-13,,buy & hold,—,0.15412903776636633,0.15412903776636633,0.0,162683.31,162683.31,-0.32680858319741357
2014-11-13,1.0,annual,APR,0.19107804870266032,0.17000218062094274,18626.55,198628.61,177253.47,-0.3855739059731471
2014-11-13,1.0,annual,AUG,0.23398654983177625,0.22048427163047524,8359.49,250622.19,232925.44,-0.3855739059731471
2014-11-13,1.0,annual,DEC,0.26560190590972066,0.2511403897591292,5929.95,297508.05,275063.95,-0.3293149242433767
2014-11-13,1.0,annual,FEB,0.19330750968650146,0.17335318119583076,17315.36,201038.92,180487.36,-0.3855739059731471
2014-11-13,1.0,annual,JAN,0.2503429682100512,0.24028900331071112,7454.18,273876.64,259338.87,-0.365512254194013
2014-11-13,1.0,annual,JUL,0.2305195279697435,0.20184992115880862,27605.96,245953.04,210553.43,-0.3855739059731471
2014-11-13,1.0,annual,JUN,0.20756037198416022,0.1847117210602044,20258.36,217167.8,191907.03,-0.3855739059731471
2014-11-13,1.0,annual,MAR,0.19108841957176315,0.17026707604399516,17949.17,198639.76,177506.92,-0.3855739059731471
2014-11-13,1.0,annual,MAY,0.20083482070462055,0.17936975162412605,17920.42,209399.24,186446.75,-0.3855739059731471
2014-11-13,1.0,annual,NOV,0.21368164673299084,0.1879060711571675,20461.11,224492.21,195250.07,-0.44792450205173084
2014-11-13,1.0,annual,OCT,0.23211658112594702,0.21765413056731642,9184.86,248092.89,229378.71,-0.3855739059731471
2014-11-13,1.0,annual,SEP,0.21041133468592765,0.1903197021385502,12630.3,220548.52,197815.49,-0.3855739059731471
2014-11-13,1.0,monthly,—,0.2124819573077371,0.17972121415957598,23694.47,223037.28,186801.05,-0.3293149242433765
2014-11-13,1.0,quarterly,FEB,0.16639369086699152,0.14011678523746085,17229.45,173837.75,150931.81,-0.3855739059731471
2014-11-13,1.0,quarterly,JAN,0.179618400506394,0.15492379813973878,19679.81,186697.33,163425.11,-0.365512254194013
2014-11-13,1.0,quarterly,MAR,0.17631725509700258,0.14369920241519074,19162.78,183398.42,153860.27,-0.3293149242433767
2014-11-13,2.0,annual,APR,0.25729535366454626,0.2522825816698996,4764.99,284402.64,276773.55,-0.32325873141096584
2014-11-13,2.0,annual,AUG,0.23214095193500783,0.2203883334183162,7276.13,248125.69,232804.31,-0.3484724553396703
2014-11-13,2.0,annual,DEC,0.2522425919098902,0.24677383703961808,3532.6,276713.51,268624.8,-0.3222780807885952
2014-11-13,2.0,annual,FEB,0.22976453819022835,0.2236344733797032,4347.46,244947.91,236938.36,-0.32430561929045
2014-11-13,2.0,annual,JAN,0.2541668029672194,0.25127911569892036,2508.4,279616.98,275271.02,-0.32391842277019334
2014-11-13,2.0,annual,JUL,0.23879740041345776,0.2272642959525909,6685.72,257248.83,241648.7,-0.3485461169917723
2014-11-13,2.0,annual,JUN,0.2360288054887819,0.22714363631516188,4950.23,253414.09,241490.62,-0.3483708553087099
2014-11-13,2.0,annual,MAR,0.25697639275214323,0.2527988273676828,4146.11,283911.03,277549.72,-0.3240066986159965
2014-11-13,2.0,annual,MAY,0.2466084427741252,0.23716154512516774,5758.95,268383.89,254976.06,-0.34862264439619606
2014-11-13,2.0,annual,NOV,0.26469911552751924,0.24892262680724475,17973.0,296055.12,271774.49,-0.3120432226321732
2014-11-13,2.0,annual,OCT,0.23818687853411513,0.23182102266568771,2961.25,256398.24,247695.47,-0.3489038486089837
2014-11-13,2.0,annual,SEP,0.21973343299083947,0.20677438003821857,7638.86,231979.13,216245.02,-0.35429690568193906
2014-11-13,2.0,monthly,—,0.2669143048033654,0.24209229778406816,21964.33,299632.83,261888.37,-0.31877388169415743
2014-11-13,2.0,quarterly,FEB,0.2629480591568353,0.24145180212117634,19598.08,293257.06,260979.98,-0.31802584871785045
2014-11-13,2.0,quarterly,JAN,0.2463995280241308,0.23450895014332496,9148.12,268079.89,251333.39,-0.3483487102677807
2014-11-13,2.0,quarterly,MAR,0.25257846111903415,0.23666121070283197,10711.63,277218.14,254284.95,-0.32221841032875276
2014-11-13,3.0,annual,APR,0.26233976042621754,0.25189704563428406,9658.75,292291.21,276195.31,-0.3532450146937869
2014-11-13,3.0,annual,AUG,0.24449032068675802,0.23200675166139517,9255.95,265317.6,247945.13,-0.3534505462222133
2014-11-13,3.0,annual,DEC,0.22819699999070753,0.2178539926597457,7223.61,242874.2,229627.38,-0.35373554185719325
2014-11-13,3.0,annual,FEB,0.23393783788206812,0.22520906017146547,7262.23,250555.97,238970.21,-0.3640468963201984
2014-11-13,3.0,annual,JAN,0.22803502259306707,0.21934337512200963,6823.16,242660.93,231489.06,-0.3520588442788658
2014-11-13,3.0,annual,JUL,0.23493382061826995,0.22207382325696823,10302.83,251913.31,234941.67,-0.37677818678454233
2014-11-13,3.0,annual,JUN,0.24095301002883385,0.22925991311915717,8957.42,260274.74,244278.4,-0.3664504825099385
2014-11-13,3.0,annual,MAR,0.2576921614971889,0.24615792743632492,8502.91,285015.43,267728.75,-0.3601145160367092
2014-11-13,3.0,annual,MAY,0.2734062633842883,0.2635498999897051,9248.88,310366.78,294215.78,-0.3652637010580856
2014-11-13,3.0,annual,NOV,0.2444615759462586,0.2319947994599879,10960.0,265276.23,247929.06,-0.34296015560448345
2014-11-13,3.0,annual,OCT,0.2466577994576974,0.23595625205232273,8856.91,268455.76,253314.38,-0.3519762739013881
2014-11-13,3.0,annual,SEP,0.2505131944279667,0.23905609457309074,8958.79,274129.66,257610.1,-0.35195576799590955
2014-11-13,3.0,monthly,—,0.2619603968833052,0.24144396926190914,16480.35,291690.46,260968.89,-0.3514742877821122
2014-11-13,3.0,quarterly,FEB,0.2688011822113142,0.25262045015960666,13939.38,302714.12,277281.29,-0.35128121072016505
2014-11-13,3.0,quarterly,JAN,0.24932974991667145,0.2341768698684309,11644.09,272375.39,250881.06,-0.35348009592316754
2014-11-13,3.0,quarterly,MAR,0.2617223545291866,0.24541165078346705,12463.56,291314.13,266647.03,-0.354786437143368
2014-11-13,,buy & hold,—,0.1688515044650586,0.1688515044650586,0.0,176156.81,176156.81,-0.32681594357975285
2015-02-13,1.0,annual,APR,0.17717984942353093,0.15649215914164205,17458.65,184311.72,164855.21,-0.3856072364976424
2015-02-13,1.0,annual,AUG,0.23902975583344988,0.22593757230029998,7746.51,257679.77,240010.19,-0.3856072364976423
2015-02-13,1.0,annual,DEC,0.2699757386889946,0.2559343538796691,5451.57,304789.4,282435.36,-0.32935035530240697
2015-02-13,1.0,annual,FEB,0.1909670501015096,0.17051132257505108,16914.29,198575.54,177794.02,-0.3856072364976423
2015-02-13,1.0,annual,JAN,0.2550969800064088,0.24546557916431133,6875.11,281155.0,266838.14,-0.36554577301467617
2015-02-13,1.0,annual,JUL,0.2162466633354766,0.18760798790165245,25978.62,227720.73,194999.47,-0.3856072364976423
2015-02-13,1.0,annual,JUN,0.19377494264816242,0.17123621214966922,19041.72,201616.16,178490.88,-0.3856072364976423
2015-02-13,1.0,annual,MAR,0.1773527470177353,0.15686563357501304,16827.88,184483.94,165186.96,-0.3856072364976423
2015-02-13,1.0,annual,MAY,0.18682686536837434,0.16578583489282772,16770.62,194177.36,173319.43,-0.3856072364976423
2015-02-13,1.0,annual,NOV,0.21868014412790393,0.19368794393084132,19116.93,230745.74,201521.24,-0.44792136783276015
2015-02-13,1.0,annual,OCT,0.23713115972022647,0.2230030360991736,8521.48,255038.62,236219.8,-0.3856072364976423
2015-02-13,1.0,annual,SEP,0.21592337747318824,0.19643517886737694,11749.5,227321.89,204540.67,-0.3856072364976423
2015-02-13,1.0,monthly,—,0.21759818245166673,0.1860845249952231,22364.01,229395.8,193399.34,-0.3293503553024071
2015-02-13,1.0,quarterly,FEB,0.17247465610377055,0.14715981351189533,16127.44,179687.95,156786.01,-0.3856072364976423
2015-02-13,1.0,quarterly,JAN,0.18522956531335766,0.16204687348428626,18581.46,192507.25,169861.4,-0.3655457730146763
2015-02-13,1.0,quarterly,MAR,0.18197211632006038,0.15086030960395036,17939.62,189146.72,159935.41,-0.3293503553024071
2015-02-13,2.0,annual,APR,0.2546366693555132,0.2497338591436834,4492.41,280453.65,273090.81,-0.3232583775820136
2015-02-13,2.0,annual,AUG,0.22811998426981994,0.21676889698549584,6816.07,242868.75,228366.52,-0.3485160225385221
2015-02-13,2.0,annual,DEC,0.25059380705544687,0.2362393841322249,16021.46,274368.15,253807.45,-0.3222787156337238
2015-02-13,2.0,annual,FEB,0.22673540576478912,0.22004417908032015,5071.62,241051.26,232459.05,-0.3243024220939891
2015-02-13,2.0,annual,JAN,0.25035519288144414,0.23810317925579338,15861.81,274013.13,256387.4,-0.32391464148324356
2015-02-13,2.0,annual,JUL,0.2347613772957119,0.2237416027834339,6192.24,251780.05,237168.05,-0.3485909485099359
2015-02-13,2.0,annual,JUN,0.2322504672516018,0.22379428300870752,4568.27,248372.98,237235.83,-0.3484171444780483
2015-02-13,2.0,annual,MAR,0.25380633447551715,0.2497360406275314,3894.36,279192.91,273094.04,-0.3240051350150732
2015-02-13,2.0,annual,MAY,0.24306080934662988,0.23405812187219743,5331.93,263378.58,250821.09,-0.34866566649392183
2015-02-13,2.0,annual,NOV,0.25613032238577704,0.24062296422941298,16981.4,282735.83,259917.23,-0.31205538263620936
2015-02-13,2.0,annual,OCT,0.23414844254235223,0.22806905804644806,2758.81,250944.05,242801.66,-0.3489485884253062
2015-02-13,2.0,annual,SEP,0.21567633563400002,0.20313650255716575,7139.61,227017.58,212100.59,-0.35433204186639455
2015-02-13,2.0,monthly,—,0.24447317765733556,0.22018806219833353,20984.59,265404.97,232640.53,-0.31877538220467994
2015-02-13,2.0,quarterly,FEB,0.24076659241233755,0.21922840408908117,18397.24,260119.89,231432.85,-0.3180276850953284
2015-02-13,2.0,quarterly,JAN,0.24154870191879685,0.22331238399101772,17628.95,261226.23,236616.51,-0.3483946052717042
2015-02-13,2.0,quarterly,MAR,0.24998193172980765,0.2287017419518479,18001.4,273458.68,243636.51,-0.32221924461448626
2015-02-13,3.0,annual,APR,0.25221409035744,0.24180644421210518,9148.41,276791.1,261591.86,-0.353245459530832
2015-02-13,3.0,annual,AUG,0.23359385389767728,0.22140725888514046,8702.12,250190.03,234183.99,-0.3534544821624732
2015-02-13,3.0,annual,DEC,0.21837993119281462,0.20601445519570494,9389.17,230370.37,215433.84,-0.3537387362301596
2015-02-13,3.0,annual,FEB,0.24728787502491956,0.23533335455062365,11585.89,269489.96,252562.7,-0.3640488557659358
2015-02-13,3.0,annual,JAN,0.2251217488500038,0.21362290298881226,10102.16,238950.33,224504.06,-0.3520584338205973
2015-02-13,3.0,annual,JUL,0.22408324655898315,0.21156887924220624,9636.97,237607.99,222017.96,-0.3767894135235862
2015-02-13,3.0,annual,JUN,0.2303093072755139,0.21892670553125682,8371.57,245770.77,231054.49,-0.36645791290639107
2015-02-13,3.0,annual,MAR,0.24672466617554123,0.23541266616961065,8002.78,268667.58,252671.42,-0.3601154254431028
2015-02-13,3.0,annual,MAY,0.26150791498465076,0.2518348769427704,8646.41,291106.54,276222.13,-0.3652722773866446
2015-02-13,3.0,annual,NOV,0.23374727808958407,0.22154237986081593,10311.94,250398.4,234355.68,-0.34297864460581573
2015-02-13,3.0,annual,OCT,0.23560171109196493,0.22511096379432305,8333.97,252930.74,238936.35,-0.35198238988904906
2015-02-13,3.0,annual,SEP,0.23904764063265993,0.22784149727211422,8421.98,257704.78,242502.08,-0.35196140510596374
2015-02-13,3.0,monthly,—,0.2526358987091736,0.23160398021880602,16944.94,277425.36,247503.27,-0.3514769218638273
2015-02-13,3.0,quarterly,FEB,0.2595671796591895,0.2426236004535992,14481.23,288057.55,262754.43,-0.35128390576616575
2015-02-13,3.0,quarterly,JAN,0.23882019463274962,0.22348189742685343,11749.11,257386.91,236834.18,-0.35348213352964675
2015-02-13,3.0,quarterly,MAR,0.2505902406555657,0.23387519212169294,12763.22,274362.84,250572.25,-0.3547882575681567
2015-02-13,,buy & hold,—,0.17264554120079378,0.17264554120079378,0.0,179853.78,179853.78,-0.32682371627507223
2015-05-13,1.0,annual,APR,0.1494956215811044,0.12882525013863744,16485.08,158625.32,141999.5,-0.39774709007289644
2015-05-13,1.0,annual,AUG,0.2093238193132555,0.1965090117007936,7268.15,219066.12,204387.97,-0.3856404290084653
2015-05-13,1.0,annual,DEC,0.23964780845231648,0.22595416554714964,5078.55,258190.17,239719.15,-0.3335049831189142
2015-05-13,1.0,annual,FEB,0.16196488818644428,0.14182108408294913,16029.45,169623.78,152226.88,-0.3856404290084653
2015-05-13,1.0,annual,JAN,0.22513013112814317,0.2157981315825045,6416.4,238650.98,226883.85,-0.3655791557914181
2015-05-13,1.0,annual,JUL,0.22646639663048906,0.19962937096947841,24615.24,240385.57,207867.35,-0.3856404290084653
2015-05-13,1.0,annual,JUN,0.20449199766726622,0.18304440483147488,18028.42,213409.96,190042.09,-0.3856404290084653
2015-05-13,1.0,annual,MAR,0.1409360188289449,0.12047385126571253,15896.84,151506.48,135810.02,-0.394528103583654
2015-05-13,1.0,annual,MAY,0.1872165805478777,0.16321413749916036,19072.07,194373.85,170768.37,-0.3856404290084653
2015-05-13,1.0,annual,NOV,0.18889752303829044,0.1644940111304204,18001.56,196147.51,171949.29,-0.44791838030217634
2015-05-13,1.0,annual,OCT,0.20739639534327858,0.1935285448739218,7995.74,216791.86,201119.95,-0.3856404290084653
2015-05-13,1.0,annual,SEP,0.1866123202282216,0.1675407876973819,11029.39,193740.28,174794.56,-0.3856404290084653
2015-05-13,1.0,monthly,—,0.18792282847219133,0.15706064726238134,21147.5,195117.05,165206.6,-0.333472282670623
2015-05-13,1.0,quarterly,FEB,0.14351266742456448,0.1187705883210336,15214.13,153613.7,134582.96,-0.3856404290084653
2015-05-13,1.0,quarterly,JAN,0.15589874310467466,0.13319327445131013,17520.26,164177.65,145354.24,-0.3655791557914181
2015-05-13,1.0,quarterly,MAR,0.15266596146506373,0.12211869421686739,16965.08,161349.63,137006.2,-0.3334441431908953
2015-05-13,2.0,annual,APR,0.24534610651530386,0.23835942602463056,7210.95,266290.87,256393.08,-0.3232580187008013
2015-05-13,2.0,annual,AUG,0.2178676873557882,0.206873661998621,6398.63,229441.88,216179.2,-0.3485632213354839
2015-05-13,2.0,annual,DEC,0.2286026583685491,0.21365509738267974,15211.27,243185.02,224265.37,-0.32612953778835163
2015-05-13,2.0,annual,FEB,0.21787992627368602,0.21135829132041983,4773.71,229457.09,221492.92,-0.3242991168663115
2015-05-13,2.0,annual,JAN,0.2284635538185379,0.215560752869704,15055.57,243001.74,226592.29,-0.33803138574887637
2015-05-13,2.0,annual,JUL,0.22307573871813535,0.21248081413238873,5753.66,236008.75,222843.54,-0.34863993247883374
2015-05-13,2.0,annual,JUN,0.22066047118205756,0.21256550044483713,4229.18,232940.07,222945.78,-0.34846757094285463
2015-05-13,2.0,annual,MAR,0.24413112725952335,0.2313929557610911,15610.67,264542.6,246890.99,-0.32400352117221365
2015-05-13,2.0,annual,MAY,0.2307726800865214,0.2214922154603195,5772.48,246062.29,233992.26,-0.3487126090501701
2015-05-13,2.0,annual,NOV,0.23349874912013335,0.21752542385902307,16062.11,249725.36,229016.83,-0.32538505772548965
2015-05-13,2.0,annual,OCT,0.22425078067114745,0.2183399800748126,2594.92,237516.39,230029.72,-0.3489970857685707
2015-05-13,2.0,annual,SEP,0.20592431207110817,0.19367938535486917,6712.91,215071.02,201284.05,-0.3543701836676917
2015-05-13,2.0,monthly,—,0.23286530747439416,0.20922784513948056,19736.54,248869.34,218952.31,-0.31877695404354733
2015-05-13,2.0,quarterly,FEB,0.23018686310989345,0.20926439663516627,17285.28,245282.19,218995.64,-0.31802961630550963
2015-05-13,2.0,quarterly,JAN,0.2198554221725303,0.204124804356285,13728.69,231926.19,212986.23,-0.34844479209972656
2015-05-13,2.0,quarterly,MAR,0.22925835203991818,0.2065450139331656,18633.39,244050.83,215794.91,-0.32222012521912036
2015-05-13,3.0,annual,APR,0.24044916906230462,0.22879046311124707,10290.24,259314.31,243432.69,-0.3532459546878818
2015-05-13,3.0,annual,AUG,0.2213823351506644,0.20942946428855447,8164.33,233852.98,219191.47,-0.3534588268905394
2015-05-13,3.0,annual,DEC,0.20655516748042702,0.19436680173023546,8816.25,215806.78,202033.66,-0.3537423053008887
2015-05-13,3.0,annual,FEB,0.236136438821558,0.2242649939249225,10997.18,253321.78,237534.68,-0.3640510482565563
2015-05-13,3.0,annual,JAN,0.21350742947168422,0.20220729532886883,9484.19,224086.07,210787.31,-0.35205799346164146
2015-05-13,3.0,annual,JUL,0.2106940370657916,0.19839943995497833,8988.03,220697.59,206488.76,-0.3768018608686099
2015-05-13,3.0,annual,JUN,0.21692014008443283,0.2057403119627409,7801.7,228267.09,214856.9,-0.36646615576322505
2015-05-13,3.0,annual,MAR,0.2350010574314606,0.22288738337235114,8824.69,251767.39,235767.98,-0.360116425168547
2015-05-13,3.0,annual,MAY,0.2464175681999089,0.23626855433113458,8810.13,267842.22,253503.28,-0.36528182849602975
2015-05-13,3.0,annual,NOV,0.22130458276259268,0.20930944174844368,9672.07,233754.48,219049.07,-0.3429992157105163
2015-05-13,3.0,annual,OCT,0.22329078314833806,0.2129600089494098,7822.32,236283.94,223422.65,-0.3519891620524519
2015-05-13,3.0,annual,SEP,0.2266338193406242,0.21567665848152873,7900.89,240603.79,226734.6,-0.35196764275436876
2015-05-13,3.0,monthly,—,0.24123874101396614,0.21977175863487408,17164.35,260426.7,231821.08,-0.3514798622271358
2015-05-13,3.0,quarterly,FEB,0.2477938340874709,0.23086887379311782,14148.14,269848.15,246190.62,-0.3512869137307173
2015-05-13,3.0,quarterly,JAN,0.228366844476401,0.21290270981046244,11709.81,242874.4,223353.32,-0.35348437119210707
2015-05-13,3.0,quarterly,MAR,0.2402947368465106,0.2230742769626416,12998.87,259097.29,236006.88,-0.3547902531242826
2015-05-13,,buy & hold,—,0.16048633088893205,0.16048633088893205,0.0,168279.34,168279.34,-0.3268318973423986
2015-08-13,1.0,annual,APR,0.16026856307297221,0.14029820211768718,15527.5,168126.85,151025.1,-0.39774293902621494
2015-08-13,1.0,annual,AUG,0.2011076702002469,0.1772741272740036,18445.71,209604.58,184266.94,-0.38567836602705974
2015-08-13,1.0,annual,DEC,0.24898750037357742,0.2356890164365929,4714.79,271705.56,252801.81,-0.3334998898883741
2015-08-13,1.0,annual,FEB,0.17310067187215517,0.15363294434963948,15159.45,180163.65,162231.64,-0.38567836602705974
2015-08-13,1.0,annual,JAN,0.23488549970877826,0.22589218473328632,5967.6,251702.76,239724.37,-0.36561731361891725
2015-08-13,1.0,annual,JUL,0.26735469719007277,0.23903393614096335,27774.7,300155.14,257428.92,-0.38567836602705974
2015-08-13,1.0,annual,JUN,0.2250847256712546,0.20425066353083243,17169.69,238677.36,213201.32,-0.38567836602705974
2015-08-13,1.0,annual,MAR,0.15200396556965112,0.13221824615168043,14981.47,160817.47,144630.52,-0.3945230759686169
2015-08-13,1.0,annual,MAY,0.19745444917723087,0.17440146663497524,17984.0,205501.36,181432.41,-0.38567836602705974
2015-08-13,1.0,annual,NOV,0.1990053506890831,0.1753991287457305,16905.03,207233.22,182411.72,-0.4479151184536405
2015-08-13,1.0,annual,OCT,0.21746031125060583,0.2039420982885437,7480.67,229015.35,212845.45,-0.38567836602705974
2015-08-13,1.0,annual,SEP,0.19723549910402538,0.1787445343028612,10324.22,205258.05,185735.39,-0.3856783660270596
2015-08-13,1.0,monthly,—,0.21384056884734848,0.1840489737337364,19855.35,224567.41,191133.26,-0.3334658156383371
2015-08-13,1.0,quarterly,FEB,0.13639940606599665,0.11244546301973612,14316.38,147903.38,130152.85,-0.38567836602705974
2015-08-13,1.0,quarterly,JAN,0.17636242764652332,0.1546439787493702,16329.48,183362.45,163115.84,-0.36561731361891725
2015-08-13,1.0,quarterly,MAR,0.15837346036448097,0.1289239905520857,15907.91,166420.91,142105.41,-0.33343649635384054
2015-08-13,2.0,annual,APR,0.26025549619766297,0.2536548053775024,6802.69,288823.54,278669.76,-0.32325762082239773
2015-08-13,2.0,annual,AUG,0.2250584403960484,0.2059544585169958,16154.25,238643.35,215177.22,-0.34861933919203114
2015-08-13,2.0,annual,DEC,0.2621968119748289,0.24875696346973186,14379.25,291879.31,271366.1,-0.32612230352967775
2015-08-13,2.0,annual,FEB,0.23357130212484567,0.22736117697393554,4465.06,249915.54,241641.05,-0.32429539033208954
2015-08-13,2.0,annual,JAN,0.26229073402435665,0.2516674523907739,14230.41,292027.96,275682.87,-0.33802267499526006
2015-08-13,2.0,annual,JUL,0.24232396393105005,0.22638227033087788,13078.69,262062.86,240362.11,-0.3486987843828122
2015-08-13,2.0,annual,JUN,0.24749380443891644,0.23420506721635437,11708.0,269513.68,250775.82,-0.3485283244781834
2015-08-13,2.0,annual,MAR,0.2793491145407422,0.26865308681499467,14711.62,320310.7,302274.84,-0.3240016958475862
2015-08-13,2.0,annual,MAY,0.24472809277241014,0.2360429632913975,5325.87,265501.74,253287.46,-0.34876920955969115
2015-08-13,2.0,annual,NOV,0.26605587653686513,0.25148391403020776,15118.07,298049.49,275408.64,-0.32537749108236813
2015-08-13,2.0,annual,OCT,0.23906097508034596,0.23335274364917125,2424.27,257466.67,249619.55,-0.34905490515129023
2015-08-13,2.0,annual,SEP,0.22083144068713045,0.20897435140431153,6265.49,233237.78,218725.17,-0.3544157432177165
2015-08-13,2.0,monthly,—,0.2590678913601182,0.23416857409146374,21348.97,286969.87,250726.2,-0.31877880335731323
2015-08-13,2.0,quarterly,FEB,0.23620052864430974,0.2113458971651706,21849.52,253503.96,221552.91,-0.31803183677981617
2015-08-13,2.0,quarterly,JAN,0.24016894018611012,0.2206146405720909,19510.17,259018.21,232963.88,-0.3485053256982772
2015-08-13,2.0,quarterly,MAR,0.2595128577735325,0.2334173939995049,23556.89,287663.0,249707.07,-0.3222211448777049
2015-08-13,3.0,annual,APR,0.2698243616186303,0.25863121015749113,9652.74,304199.76,286291.26,-0.3532465389172942
2015-08-13,3.0,annual,AUG,0.2527778836079776,0.23989663137313422,9503.67,277347.83,258636.01,-0.35346361471996224
2015-08-13,3.0,annual,DEC,0.23468924835326577,0.22283178941050708,8258.74,251435.06,235780.31,-0.35374625719902264
2015-08-13,3.0,annual,FEB,0.26579548474962345,0.2547469356346902,10383.24,297629.11,280324.88,-0.3640535618466917
2015-08-13,3.0,annual,JAN,0.2415519832017642,0.23108845988624693,8886.27,260968.1,246573.72,-0.35205752998467266
2015-08-13,3.0,annual,JUL,0.2383436587134803,0.22631122911255674,8769.87,256467.14,240269.56,-0.3768157862329884
2015-08-13,3.0,annual,JUN,0.24426277436684252,0.23338571274735342,7445.04,264832.64,249664.17,-0.3664753698287566
2015-08-13,3.0,annual,MAR,0.2644940980872371,0.25291052572355965,8244.68,295536.94,277547.38,-0.36011758123751614
2015-08-13,3.0,annual,MAY,0.274634110437045,0.26490211533593044,8176.32,312232.48,296191.31,-0.36529255536091
2015-08-13,3.0,annual,NOV,0.2484876277497451,0.23685023260301652,9037.7,270970.06,254398.62,-0.34302199548857304
2015-08-13,3.0,annual,OCT,0.25229513178629925,0.24224186000305725,7333.01,276622.77,261946.21,-0.3519966535331812
2015-08-13,3.0,annual,SEP,0.2560471837577333,0.24539384254936925,7387.82,282308.19,266461.99,-0.3519745572520383
2015-08-13,3.0,monthly,—,0.26953868928943303,0.24819794200479672,17357.72,303729.16,270544.73,-0.3514832800073143
2015-08-13,3.0,quarterly,FEB,0.27828585494014735,0.2610013263447529,14991.87,318471.16,289993.75,-0.3512904126482107
2015-08-13,3.0,quarterly,JAN,0.2574661063927478,0.24179312949732024,12299.27,284488.46,261309.58,-0.35348697114637206
2015-08-13,3.0,quarterly,MAR,0.268708701036236,0.2512185105909316,13520.76,302365.97,275012.57,-0.35479255495402817
2015-08-13,,buy & hold,—,0.1768577840587121,0.1768577840587121,0.0,183853.32,183853.32,-0.3268408937635563
2015-11-13,1.0,annual,APR,0.18121766917286408,0.1620736409451281,14398.53,188288.41,169814.21,-0.3977377102891786
2015-11-13,1.0,annual,AUG,0.19780513981537007,0.1750477752127878,17201.26,205958.02,182118.72,-0.3857292215025261
2015-11-13,1.0,annual,DEC,0.268460131688281,0.25576114739434674,4270.45,302086.35,281984.77,-0.33349346255070034
2015-11-13,1.0,annual,FEB,0.19453397667054817,0.1759321065343239,14147.5,202344.22,182990.12,-0.3857292215025261
2015-11-13,1.0,annual,JAN,0.25482913146693986,0.2463172581446923,5424.07,280562.99,267904.51,-0.3656684706678689
2015-11-13,1.0,annual,JUL,0.26335269578722753,0.23582913187575272,26013.38,293835.93,253089.32,-0.3857292215025261
2015-11-13,1.0,annual,JUN,0.2106498434874734,0.19048382019424726,15999.76,220794.4,197959.22,-0.3857292215025262
2015-11-13,1.0,annual,MAR,0.17328316828234092,0.15432490632836926,13914.19,180392.64,162878.09,-0.394516770558504
2015-11-13,1.0,annual,MAY,0.21787289832599355,0.19611029347637576,16731.99,229608.61,204077.52,-0.3857292215025261
2015-11-13,1.0,annual,NOV,0.19764489021000176,0.16857907578556242,21775.03,205779.47,175873.01,-0.4479109825019847
2015-11-13,1.0,annual,OCT,0.22493723154958023,0.19723476901367698,23840.65,238572.82,205323.21,-0.3857292215025261
2015-11-13,1.0,annual,SEP,0.2027305563262295,0.17485444288220175,19752.7,211523.66,181928.78,-0.3857292215025261
2015-11-13,1.0,monthly,—,0.2103304750185474,0.18161473183451438,18486.45,220412.68,188692.72,-0.333457692731259
2015-11-13,1.0,quarterly,FEB,0.13436831024955087,0.11142443103913269,13269.54,146336.97,129472.61,-0.3857292215025262
2015-11-13,1.0,quarterly,JAN,0.17346905134927437,0.15259402087700502,15128.56,180573.67,161369.24,-0.3656684706678689
2015-11-13,1.0,quarterly,MAR,0.16172158139608117,0.13351196723229453,14743.55,169492.54,145667.71,-0.33342691587046636
2015-11-13,2.0,annual,APR,0.2610327590265834,0.25477833166807085,6333.56,290162.66,280485.7,-0.3232571503360996
2015-11-13,2.0,annual,AUG,0.2151516172132587,0.196967425227058,14882.5,226246.85,205026.35,-0.3486961638597751
2015-11-13,2.0,annual,DEC,0.2686536138115202,0.25589707196634637,13437.64,302403.38,282192.73,-0.3261133801291569
2015-11-13,2.0,annual,FEB,0.23559469985062098,0.22976537741425374,4096.08,252767.72,244901.46,-0.32429077225346026
2015-11-13,2.0,annual,JAN,0.26865936100697374,0.2589609215651786,13293.67,302412.8,286920.83,-0.3380119371544562
2015-11-13,2.0,annual,JUL,0.23258790260355988,0.2174571750857378,12080.54,248679.08,229091.79,-0.34877484311808105
2015-11-13,2.0,annual,JUN,0.23790583179744196,0.22543736298130235,10791.22,255956.17,239220.67,-0.34860755320465187
2015-11-13,2.0,annual,MAR,0.2842494185462504,0.27443892338171494,13688.97,329071.19,312036.63,-0.3239994240535654
2015-11-13,2.0,annual,MAY,0.24620638715548948,0.23818381809290667,4826.3,267743.45,256342.38,-0.3488429451542082
2015-11-13,2.0,annual,NOV,0.27331767316840516,0.25902121111922816,15026.58,310146.16,287014.65,-0.3253679889477905
2015-11-13,2.0,annual,OCT,0.2340399239399803,0.21883374833222702,14981.89,250645.18,230807.62,-0.3491330577250089
2015-11-13,2.0,annual,SEP,0.2152561779452894,0.19548161515003593,15407.62,226375.09,203384.43,-0.35447700750843547
2015-11-13,2.0,monthly,—,0.2528600015164756,0.22469579069665635,25551.67,277582.55,238260.7,-0.3187811002280234
2015-11-13,2.0,quarterly,FEB,0.23068503478912772,0.20311978723695445,24756.53,246125.94,211969.95,-0.3180345986054638
2015-11-13,2.0,quarterly,JAN,0.23009723040629104,0.21132176338516084,18260.9,245342.6,221599.7,-0.34858420593053885
2015-11-13,2.0,quarterly,MAR,0.24895885656198102,0.22373030074427158,22130.09,271770.75,237016.68,-0.322222423866944
2015-11-13,3.0,annual,APR,0.2682252316110264,0.257480248114777,8935.66,301701.91,284626.1,-0.35324727646548704
2015-11-13,3.0,annual,AUG,0.25396377477979926,0.24174325654200401,8789.19,279249.29,261339.57,-0.353469620916796
2015-11-13,3.0,annual,DEC,0.23348619652540858,0.22214704962423315,7631.48,249893.58,234990.83,-0.35375115622166764
2015-11-13,3.0,annual,FEB,0.2649980473240502,0.2543469322329831,9695.84,296469.06,279830.21,-0.3640566580068437
2015-11-13,3.0,annual,JAN,0.24000801626306212,0.2300263483083692,8208.85,258891.35,245248.31,-0.35205698980171174
2015-11-13,3.0,annual,JUL,0.238180023216643,0.22685671331471846,8020.69,256337.11,241068.89,-0.3768330779754996
2015-11-13,3.0,annual,JUN,0.24387515357115286,0.23365982002801122,6789.88,264379.16,250129.0,-0.3664868142096024
2015-11-13,3.0,annual,MAR,0.2626714542660228,0.2516582417545966,7584.11,292752.52,275779.11,-0.3601190229512591
2015-11-13,3.0,annual,MAY,0.2724780156055401,0.2632802044192125,7479.35,308737.89,293720.45,-0.36530593523724597
2015-11-13,3.0,annual,NOV,0.2475737804951742,0.2360594252886289,8958.71,269736.66,253405.64,-0.3430504550810596
2015-11-13,3.0,annual,OCT,0.25133450111757216,0.2406190217108769,8330.6,275295.29,259750.77,-0.3520059624885552
2015-11-13,3.0,annual,SEP,0.25508867086690235,0.24381898746946018,8385.45,280958.2,264298.63,-0.35198319384737586
2015-11-13,3.0,monthly,—,0.26926288511435004,0.2479434349822448,17537.9,303403.84,270278.03,-0.3514876008408969
2015-11-13,3.0,quarterly,FEB,0.27858279695127874,0.26095240960184374,15744.87,319122.85,290036.26,-0.35129484166214986
2015-11-13,3.0,quarterly,JAN,0.25754148039302127,0.2421051699714386,12179.95,284720.63,261853.1,-0.35349019539732995
2015-11-13,3.0,quarterly,MAR,0.2682908710636135,0.25129362399782396,12939.41,301809.29,275234.26,-0.3547954361162714
2015-11-13,,buy & hold,—,0.17854035897140752,0.17854035897140752,0.0,185585.26,185585.26,-0.3268512080499486
2016-02-13,1.0,annual,APR,0.16030675277128303,0.14190288190192757,13246.65,168250.97,152402.31,-0.39773172017336755
2016-02-13,1.0,annual,AUG,0.1846082418885463,0.16247546839330995,15939.87,191827.84,170228.03,-0.3857921492191313
2016-02-13,1.0,annual,DEC,0.26763601208608245,0.23594361028821498,32471.33,300866.62,253342.21,-0.3334860831337255
2016-02-13,1.0,annual,FEB,0.18129684448504657,0.1561110035678991,19725.92,188425.13,164493.16,-0.3857921492191313
2016-02-13,1.0,annual,JAN,0.23761640078795965,0.21014511385582868,29435.86,255651.85,220266.49,-0.36573178033334397
2016-02-13,1.0,annual,JUL,0.2494047069241695,0.22263700819546683,24222.12,272536.87,235700.46,-0.3857921492191313
2016-02-13,1.0,annual,JUN,0.16019764109698043,0.1406765787257086,14808.87,168152.13,151403.09,-0.3857921492191313
2016-02-13,1.0,annual,MAR,0.15266994170297343,0.1344437933493613,12823.21,161476.22,146429.23,-0.39450958440645234
2016-02-13,1.0,annual,MAY,0.19659781773094165,0.1755641582847608,15461.53,204682.33,182679.92,-0.3857921492191313
2016-02-13,1.0,annual,NOV,0.1841875690413889,0.1559742485848138,20214.42,191392.1,164372.15,-0.44790620666599334
2016-02-13,1.0,annual,OCT,0.2114573616059895,0.18421080020081615,22189.32,221838.58,191416.14,-0.3857921492191313
2016-02-13,1.0,annual,SEP,0.18991764934599564,0.1628101810860071,18332.63,197415.41,170535.3,-0.3857921492191313
2016-02-13,1.0,monthly,—,0.19691425758508385,0.16937765078065892,17094.88,205033.25,176681.47,-0.3334484185807225
2016-02-13,1.0,quarterly,FEB,0.12246276319168714,0.10056800827381218,12203.42,137343.25,122242.31,-0.3857921492191313
2016-02-13,1.0,quarterly,JAN,0.160693630486605,0.14072295224544284,13906.26,168601.91,151440.75,-0.36573178033334397
2016-02-13,1.0,quarterly,MAR,0.1490755838560366,0.12215034521595325,13561.22,158386.17,137114.42,-0.3334160105307836
2016-02-13,2.0,annual,APR,0.22446396534961244,0.2183188529544532,5851.25,238047.43,230245.5,-0.32325662377557574
2016-02-13,2.0,annual,AUG,0.18544391045389064,0.1669714284756364,13773.24,192696.45,174403.5,-0.34877999793900727
2016-02-13,2.0,annual,DEC,0.25101690691228173,0.23826888673174207,12930.32,274931.15,256558.45,-0.3261036377835047
2016-02-13,2.0,annual,FEB,0.19861999893629856,0.17537825668393225,22073.25,206935.43,182496.65,-0.32428567927842233
2016-02-13,2.0,annual,JAN,0.2512943417213035,0.24100478180167084,13599.64,275345.27,260395.07,-0.3380001728953973
2016-02-13,2.0,annual,JUL,0.20344794785536247,0.18831625052628664,11223.3,212417.26,195712.81,-0.3488579308594978
2016-02-13,2.0,annual,JUN,0.20920655787263154,0.19672514371252914,10006.83,219149.01,204823.46,-0.34869395852098206
2016-02-13,2.0,annual,MAR,0.26659081312306887,0.2569385580961011,12665.87,299166.14,283906.76,-0.3239968400586207
2016-02-13,2.0,annual,MAY,0.2116112183622879,0.2039976630097896,4419.13,222023.65,213050.71,-0.3489233412689887
2016-02-13,2.0,annual,NOV,0.2554045252786977,0.24143979590148967,13967.92,281553.94,261010.37,-0.3253580911558899
2016-02-13,2.0,annual,OCT,0.2035865361581558,0.1877072979989597,13944.21,212576.78,195069.32,-0.3492193938240348
2016-02-13,2.0,annual,SEP,0.18567089023856853,0.165596744499375,14287.55,192933.07,173115.71,-0.35454343097255825
2016-02-13,2.0,monthly,—,0.2302871356354711,0.20233447590381315,24629.68,245686.24,211140.03,-0.31878348232339404
2016-02-13,2.0,quarterly,FEB,0.20766840649755525,0.1807414214960349,23166.0,217330.03,187860.48,-0.31803744800265077
2016-02-13,2.0,quarterly,JAN,0.20838330836448538,0.1856552067111571,21640.51,218173.55,192916.71,-0.3486703916233884
2016-02-13,2.0,quarterly,MAR,0.22559681510395457,0.19949715940466273,22042.2,239514.54,207920.6,-0.32222375700951356
2016-02-13,3.0,annual,APR,0.24060979538865623,0.23028613637477668,8204.55,259837.64,245684.91,-0.35324815635765816
2016-02-13,3.0,annual,AUG,0.22730170122323,0.215557363818922,8135.08,241739.64,226823.99,-0.35347606300674383
2016-02-13,3.0,annual,DEC,0.2152708294757305,0.19827635837851532,14030.24,226471.92,206550.78,-0.35375627918422825
2016-02-13,3.0,annual,FEB,0.23402911528343184,0.21778956254610915,16279.5,250724.52,229585.69,-0.36406015994907204
2016-02-13,3.0,annual,JAN,0.22009855795176547,0.20413276431414895,14965.09,232478.13,213206.69,-0.35205646390286993
2016-02-13,3.0,annual,JUL,0.2110268245902075,0.20034730154761105,7342.64,221321.55,208879.96,-0.3768516847505582
2016-02-13,3.0,annual,JUN,0.2169758690641187,0.20735185793268307,6202.86,228575.06,216957.59,-0.36649909211920173
2016-02-13,3.0,annual,MAR,0.23491606611170035,0.22448446942742561,6915.73,251933.86,238073.9,-0.36012071952035474
2016-02-13,3.0,annual,MAY,0.24519501283312028,0.23645698710326213,6846.02,266382.77,254048.8,-0.36532035540584196
2016-02-13,3.0,annual,NOV,0.2193119616051823,0.2081759042769039,8318.58,231488.67,217928.49,-0.3430791668739206
2016-02-13,3.0,annual,OCT,0.22356731558120224,0.21321869916820535,7725.23,236892.63,223966.56,-0.3520159068415536
2016-02-13,3.0,annual,SEP,0.22752277654417685,0.21669004414752824,7747.7,242029.7,228221.13,-0.35199248798153093
2016-02-13,3.0,monthly,—,0.2512515789749826,0.22671483343387766,21769.24,275281.4,240971.36,-0.35149212484313885
2016-02-13,3.0,quarterly,FEB,0.24636872875180404,0.22569268788385133,19233.55,268084.52,239639.12,-0.3512994555392427
2016-02-13,3.0,quarterly,JAN,0.23750666792290132,0.21850552712626536,16544.72,255499.69,230478.66,-0.35349361394177903
2016-02-13,3.0,quarterly,MAR,0.2501088046452683,0.22885683605329532,18514.25,273579.96,243787.44,-0.35479851837048826
2016-02-13,,buy & hold,—,0.16903753519863052,0.16903753519863052,0.0,176357.63,176357.63,-0.32686223843035545
2016-05-13,1.0,annual,APR,0.1965958672282787,0.17783931767740058,13427.84,204453.23,184751.09,-0.3977243744205399
2016-05-13,1.0,annual,AUG,0.2134738243119335,0.19386344568090264,14565.02,224008.6,201454.59,-0.3858770726903845
2016-05-13,1.0,annual,DEC,0.2949761376945478,0.26801772099617194,29909.89,348353.22,301049.12,-0.33347701011922826
2016-05-13,1.0,annual,FEB,0.21107942267211144,0.188393830176678,18241.71,221122.88,195586.11,-0.3858770726903845
2016-05-13,1.0,annual,JAN,0.265639462065243,0.24300248163303417,27076.31,297194.76,262879.68,-0.36581723455172566
2016-05-13,1.0,annual,JUL,0.2773978295063032,0.2516759380736794,22277.53,316740.33,275534.15,-0.3858770726903845
2016-05-13,1.0,annual,JUN,0.1527290188473266,0.13417182654811166,13517.07,161385.48,146102.16,-0.3858770726903845
2016-05-13,1.0,annual,MAR,0.18889691868539205,0.16992530670146688,13391.81,196118.52,177032.23,-0.39450082609214276
2016-05-13,1.0,annual,MAY,0.22677586133457928,0.19727805862800196,24995.02,240747.15,205208.95,-0.3858770726903845
2016-05-13,1.0,annual,NOV,0.21274374600043566,0.18643323170322146,18525.0,223124.7,193525.3,-0.447900294668954
2016-05-13,1.0,annual,OCT,0.2399527653078145,0.21611709152830516,20431.55,258569.66,227238.53,-0.3858770726903845
2016-05-13,1.0,annual,SEP,0.21922764456002086,0.19465998835352727,16781.38,231099.78,202324.08,-0.3858770726903845
2016-05-13,1.0,monthly,—,0.2254952803502831,0.19950352749423794,15593.36,239082.32,207694.13,-0.33343709146949096
2016-05-13,1.0,quarterly,FEB,0.15319778298352105,0.13278871973677975,11043.85,161792.44,145025.37,-0.3858770726903845
2016-05-13,1.0,quarterly,JAN,0.1901456580157751,0.1714062312048833,12580.24,197446.44,178450.98,-0.36581723455172566
2016-05-13,1.0,quarterly,MAR,0.17874328459079136,0.15364175807971014,12291.39,185654.51,162178.86,-0.33340273858719105
2016-05-13,2.0,annual,APR,0.24478658069870896,0.2340874216802985,12075.01,265434.31,250478.46,-0.3232560289019386
2016-05-13,2.0,annual,AUG,0.20018451185929387,0.18338989305564668,12597.04,208460.69,190370.31,-0.34889045290788767
2016-05-13,2.0,annual,DEC,0.27479194062670664,0.2624645074406261,11894.18,312301.66,292125.49,-0.32609185882378544
2016-05-13,2.0,annual,FEB,0.23381977813254073,0.21535437011863168,20405.69,250115.37,226301.72,-0.3242793682114615
2016-05-13,2.0,annual,JAN,0.27473306794227914,0.2649309068136193,12511.01,312202.09,296055.93,-0.3379858309283871
2016-05-13,2.0,annual,JUL,0.21867609371765628,0.20481116312712266,10306.02,230410.32,213745.42,-0.3489675459556456
2016-05-13,2.0,annual,JUN,0.22484313387899035,0.21356683929833487,9167.2,238238.94,224121.47,-0.3488077562992682
2016-05-13,2.0,annual,MAR,0.28949079918714216,0.2788050757293691,14132.89,338168.23,319163.22,-0.3239938789630743
2016-05-13,2.0,annual,MAY,0.2300895280501677,0.20815903850580952,22264.69,245109.48,217654.13,-0.34902925304123433
2016-05-13,2.0,annual,NOV,0.27849616544946076,0.2649810597949779,12815.44,318629.8,296136.4,-0.3253461245514998
2016-05-13,2.0,annual,OCT,0.21757824372261225,0.20344013380348402,12841.04,229044.13,212165.34,-0.34933317665795494
2016-05-13,2.0,annual,SEP,0.20059304312884707,0.18231300728986832,13104.53,208921.93,189266.57,-0.3546306704430522
2016-05-13,2.0,monthly,—,0.24877186940585083,0.22259970736421886,22008.29,271230.8,235360.51,-0.3187864260921187
2016-05-13,2.0,quarterly,FEB,0.24233449551915365,0.21649997939560406,21401.7,261929.54,227710.28,-0.31804096632432644
2016-05-13,2.0,quarterly,JAN,0.23262153270925656,0.21161349777905192,19960.67,248496.26,221763.27,-0.3487840430052407
2016-05-13,2.0,quarterly,MAR,0.24917419355678316,0.2240402969694203,20550.26,271822.95,237204.81,-0.3222254234769317
2016-05-13,3.0,annual,APR,0.2669679713354779,0.25357333381755376,12805.87,299341.75,278382.5,-0.35324920870778376
2016-05-13,3.0,annual,AUG,0.24355494207630823,0.23245727234027969,7460.41,263668.1,248275.13,-0.3534837127145054
2016-05-13,3.0,annual,DEC,0.24527577662334366,0.2296923054852157,12884.32,266139.12,244582.38,-0.3537625778333735
2016-05-13,3.0,annual,FEB,0.2629752451114086,0.24839077474280458,14939.8,292935.12,270671.09,-0.36406459263381463
2016-05-13,3.0,annual,JAN,0.24980359162234833,0.23563434389225668,13737.4,272751.91,252587.44,-0.3520558667458562
2016-05-13,3.0,annual,JUL,0.22701341213101134,0.2170626276749149,6648.86,241057.26,228405.32,-0.37687362826020165
2016-05-13,3.0,annual,JUN,0.23323445988928693,0.22428773138098823,5608.9,249323.15,237523.04,-0.3665135900273725
2016-05-13,3.0,annual,MAR,0.2637111931706607,0.25010116924639025,11927.86,294105.68,273192.22,-0.36012270901008836
2016-05-13,3.0,annual,MAY,0.2622944306380782,0.249193545721749,13463.39,291856.38,271851.47,-0.3653374475117105
2016-05-13,3.0,annual,NOV,0.23387358401729996,0.22324692206736574,7620.29,250188.32,236187.3,-0.34311422197926755
2016-05-13,3.0,annual,OCT,0.2389127010888682,0.22904059467283433,7095.99,257116.02,243720.06,-0.3520277365765633
2016-05-13,3.0,annual,SEP,0.2429795602685768,0.23273668125009672,7076.54,262847.02,248651.39,-0.3520035607160724
2016-05-13,3.0,monthly,—,0.2808130393622378,0.2569709705532993,20753.67,322652.14,283556.51,-0.35149767277615007
2016-05-13,3.0,quarterly,FEB,0.275457958547518,0.2562770605592287,17764.7,313430.21,282492.08,-0.3513051085108383
2016-05-13,3.0,quarterly,JAN,0.26716743491211925,0.24980365938543325,15256.02,299665.43,272752.01,-0.3534978397632754
2016-05-13,3.0,quarterly,MAR,0.27918334901535335,0.25858482706904884,17462.9,319817.63,286047.58,-0.3548023331369963
2016-05-13,,buy & hold,—,0.18864970798984737,0.18864970798984737,0.0,195856.71,195856.71,-0.32687518900626955
2016-08-13,1.0,annual,APR,0.18402322914947578,0.16647423641985204,11950.58,191076.98,173816.45,-0.39771498155441587
2016-08-13,1.0,annual,AUG,0.20071752913242846,0.18170462139010646,13134.37,209126.8,188699.13,-0.3860004013410978
2016-08-13,1.0,annual,DEC,0.28037417776639273,0.2551354780514027,27140.5,322015.32,280854.11,-0.3334653708966039
2016-08-13,1.0,annual,FEB,0.1994372374461829,0.17801529582484743,16608.57,207682.99,184977.88,-0.3860004013410978
2016-08-13,1.0,annual,JAN,0.2519509130747416,0.23054280979972253,24483.14,276046.85,245796.75,-0.3659413649281096
2016-08-13,1.0,annual,JUL,0.2636591200321551,0.23907791579954785,20130.72,294135.01,257437.39,-0.3860004013410978
2016-08-13,1.0,annual,JUN,0.16605671397175115,0.1457811364290168,14674.75,173425.91,155513.16,-0.3860004013410978
2016-08-13,1.0,annual,MAR,0.17676790072633508,0.15901857196614355,11969.02,183736.79,166977.36,-0.39448971316760584
2016-08-13,1.0,annual,MAY,0.21372145952484478,0.18554825027051602,22677.22,224381.66,192657.67,-0.3860004013410978
2016-08-13,1.0,annual,NOV,0.1996006717985147,0.17455892886551905,16656.88,207866.73,181559.93,-0.44789264538453244
2016-08-13,1.0,annual,OCT,0.2268327063606036,0.2041315432840639,18495.97,240902.96,213026.91,-0.3860004013410978
2016-08-13,1.0,annual,SEP,0.20704634892619034,0.18363262837031524,15063.78,216415.13,190674.26,-0.3860004013410978
2016-08-13,1.0,monthly,—,0.21243956834209088,0.1883149179673428,13939.33,222829.06,195559.57,-0.3334226811354968
2016-08-13,1.0,quarterly,FEB,0.1421868877275697,0.12332509663995117,9754.63,152543.93,137905.35,-0.3860004013410978
2016-08-13,1.0,quarterly,JAN,0.1779593181014888,0.16061785433514408,11110.35,184922.0,168420.57,-0.3659413649281096
2016-08-13,1.0,quarterly,MAR,0.16672168629196304,0.1436448091578194,10888.25,174048.33,153741.14,-0.33338592898910013
2016-08-13,2.0,annual,APR,0.234318842889795,0.22423490461677342,10889.49,250880.1,237534.81,-0.32325533609347856
2016-08-13,2.0,annual,AUG,0.20219892716544552,0.18119458255466825,16697.27,210810.13,188180.14,-0.3490425609357193
2016-08-13,2.0,annual,DEC,0.2641106787179416,0.2523523671677791,10780.87,294855.76,276648.32,-0.3260775012371223
2016-08-13,2.0,annual,FEB,0.20930881558582037,0.1907616263872608,18635.56,219082.7,198163.07,-0.3242715614306255
2016-08-13,2.0,annual,JAN,0.2640212138138235,0.2546739379958781,11334.63,294712.82,280152.25,-0.3379683216938373
2016-08-13,2.0,annual,JUL,0.1974203575677712,0.1781878393020394,15502.71,205429.06,185150.22,-0.34911874968083656
2016-08-13,2.0,annual,JUN,0.21456267520738914,0.19529409670621722,18325.9,225406.46,203079.84,-0.3489648966867157
2016-08-13,2.0,annual,MAR,0.2786350373314176,0.26846054961471444,12803.6,318996.61,301889.15,-0.3239901982486735
2016-08-13,2.0,annual,MAY,0.20567455392935485,0.183691422391545,20357.34,214813.77,190734.82,-0.34917562997174867
2016-08-13,2.0,annual,NOV,0.26777491345324955,0.25490219049903085,11579.81,300769.58,280499.13,-0.3253315182491001
2016-08-13,2.0,annual,OCT,0.22202532464039504,0.2091462410586643,11662.89,234707.36,218889.91,-0.3494904525792857
2016-08-13,2.0,annual,SEP,0.20490463782321633,0.18798464445536378,11844.49,213920.29,195210.81,-0.3547506093771493
2016-08-13,2.0,monthly,—,0.23066983183638812,0.20590181388809714,20004.86,245966.05,215078.23,-0.3187901181235019
2016-08-13,2.0,quarterly,FEB,0.22396628351866588,0.19768872641837343,21410.96,237189.25,205727.53,-0.3180453802068217
2016-08-13,2.0,quarterly,JAN,0.21607902213600239,0.19431762612664027,20116.69,227265.71,202010.17,-0.34894027596379307
2016-08-13,2.0,quarterly,MAR,0.23156220745910028,0.2058145640160337,20900.58,247158.79,214976.66,-0.3222275362178987
2016-08-13,3.0,annual,APR,0.2464118876208662,0.23354935097727247,11520.93,267880.17,249835.71,-0.35325057164953577
2016-08-13,3.0,annual,AUG,0.2375054758114158,0.22081884375797578,14873.06,255252.01,233177.85,-0.3534930008777949
2016-08-13,3.0,annual,DEC,0.22536486280970613,0.2104502801781648,11676.0,238993.98,220441.17,-0.3537704077644187
2016-08-13,3.0,annual,FEB,0.2430205047863453,0.2289268907464329,13525.08,262999.55,243653.11,-0.3640701499765584
2016-08-13,3.0,annual,JAN,0.22974775050175278,0.21602915455056493,12439.29,244739.68,227204.32,-0.3520552033320362
2016-08-13,3.0,annual,JUL,0.21125030300618353,0.1970571770865216,11556.63,221398.37,205025.84,-0.37689963799386894
2016-08-13,3.0,annual,JUN,0.22362060476105616,0.2095999991722476,11990.78,236745.31,219428.43,-0.36653102067853205
2016-08-13,3.0,annual,MAR,0.24329222799878847,0.23038310834518028,10750.05,263387.29,245584.05,-0.3601252231258314
2016-08-13,3.0,annual,MAY,0.24282134429402735,0.23024225723459624,12166.88,262715.71,245396.61,-0.3653578459544603
2016-08-13,3.0,annual,NOV,0.2339171694941723,0.22396747680239815,6865.42,250334.38,237190.78,-0.3431574757637018
2016-08-13,3.0,annual,OCT,0.23875170823456682,0.22947217181627855,6421.54,256982.49,244374.36,-0.3520421610738178
2016-08-13,3.0,annual,SEP,0.2420461553850607,0.23248378272997494,6366.68,261613.85,248396.66,-0.3520170843583421
2016-08-13,3.0,monthly,—,0.2611801767576435,0.2379795862295654,19806.23,290209.37,255908.96,-0.3515045582739281
2016-08-13,3.0,quarterly,FEB,0.25565879362595567,0.23708150758372548,16693.37,281652.02,254665.97,-0.3513121239102598
2016-08-13,3.0,quarterly,JAN,0.24749626751382603,0.23098086596308198,13973.12,269459.75,246381.12,-0.35350309745881925
2016-08-13,3.0,quarterly,MAR,0.25853161371645006,0.23889887254407205,16065.73,286072.66,257187.61,-0.35480709904397445
2016-08-13,,buy & hold,—,0.18836568926289676,0.18836568926289676,0.0,195613.24,195613.24,-0.3268893284169303
